<?xml version = '1.0' encoding = 'UTF-8'?>
<Relation class="oracle.dbtools.crest.model.design.logical.Relation" name="Relation_5" directorySegmentName="seg_0" id="43AE6555-AE03-255E-1D95-B6F1641E3FAC">
<createdBy>abdul</createdBy>
<createdTime>2025-08-23 21:24:35 UTC</createdTime>
<ownerDesignName>BT_Airways_Model</ownerDesignName>
<engineerTo>
<item key="91F143E8-2BEE-E5E3-EFDE-BE024A739194" value="true"/>
</engineerTo>
<sourcePk>DA76BB1A-781C-1CF2-8766-3B1A161DF49A</sourcePk>
<identifying>false</identifying>
<nameOnSource>hacer</nameOnSource>
<nameOnTarget>corresponde</nameOnTarget>
<optionalSource>false</optionalSource>
<optionalTarget>false</optionalTarget>
<sourceCardinality>1</sourceCardinality>
<sourceEntity>9A2E023F-E403-D886-9354-DDC0C54E8E7A</sourceEntity>
<targetCardinalityString>*</targetCardinalityString>
<targetEntity>29219542-BAA3-66EE-6679-CA9F161A2A0A</targetEntity>
<transferable>true</transferable>
<deleteRule>NO ACTION</deleteRule>
</Relation>