<?xml version = '1.0' encoding = 'UTF-8'?>
<Relation class="oracle.dbtools.crest.model.design.logical.Relation" name="Relation_10" directorySegmentName="seg_0" id="6464A83F-6E67-A856-ABC6-A00FBB8513ED">
<createdBy>abdul</createdBy>
<createdTime>2025-08-23 21:41:21 UTC</createdTime>
<ownerDesignName>BT_Airways_Model</ownerDesignName>
<engineerTo>
<item key="91F143E8-2BEE-E5E3-EFDE-BE024A739194" value="true"/>
</engineerTo>
<sourcePk>1859D61D-A7FE-8147-6CA1-546F5B596EA2</sourcePk>
<identifying>false</identifying>
<optionalSource>true</optionalSource>
<optionalTarget>false</optionalTarget>
<sourceCardinality>1</sourceCardinality>
<sourceEntity>E9C8BAF2-D999-A6DA-5DB8-4F700B82E538</sourceEntity>
<targetCardinalityString>*</targetCardinalityString>
<targetEntity>939725D6-2B14-F513-037A-1B68FF2C7954</targetEntity>
<transferable>true</transferable>
<deleteRule>NO ACTION</deleteRule>
</Relation>