<?xml version = '1.0' encoding = 'UTF-8'?>
<Relation class="oracle.dbtools.crest.model.design.logical.Relation" name="Relation_13" directorySegmentName="seg_0" id="789F80AC-35C1-CD00-4167-91158D2F8960">
<createdBy>abdul</createdBy>
<createdTime>2025-08-23 21:48:24 UTC</createdTime>
<ownerDesignName>BT_Airways_Model</ownerDesignName>
<engineerTo>
<item key="91F143E8-2BEE-E5E3-EFDE-BE024A739194" value="true"/>
</engineerTo>
<sourcePk>F87EB92D-D8DE-EDF5-7FCF-F1E04EAFE598</sourcePk>
<targetPk>5892EF8D-A3E0-19A1-9FFB-23B0DFCCC3D2</targetPk>
<identifying>false</identifying>
<optionalSource>false</optionalSource>
<optionalTarget>false</optionalTarget>
<sourceCardinality>1</sourceCardinality>
<sourceEntity>FBC8F807-CF24-7066-FE78-6F695E0B1868</sourceEntity>
<targetCardinalityString>1</targetCardinalityString>
<targetEntity>7DF94570-4690-4CBA-BD29-0E89CE96494F</targetEntity>
<transferable>true</transferable>
<deleteRule>NO ACTION</deleteRule>
</Relation>