<?xml version = '1.0' encoding = 'UTF-8'?>
<Relation class="oracle.dbtools.crest.model.design.logical.Relation" name="Relation_19" directorySegmentName="seg_0" id="A00EE08E-FC16-8B9E-C1B0-4EB370BD7752">
<createdBy>abdul</createdBy>
<createdTime>2025-08-23 22:31:56 UTC</createdTime>
<ownerDesignName>BT_Airways_Model</ownerDesignName>
<engineerTo>
<item key="91F143E8-2BEE-E5E3-EFDE-BE024A739194" value="true"/>
</engineerTo>
<sourcePk>F87EB92D-D8DE-EDF5-7FCF-F1E04EAFE598</sourcePk>
<identifying>false</identifying>
<optionalSource>true</optionalSource>
<optionalTarget>false</optionalTarget>
<sourceCardinality>1</sourceCardinality>
<sourceEntity>FBC8F807-CF24-7066-FE78-6F695E0B1868</sourceEntity>
<targetCardinalityString>*</targetCardinalityString>
<targetEntity>29219542-BAA3-66EE-6679-CA9F161A2A0A</targetEntity>
<transferable>true</transferable>
<deleteRule>NO ACTION</deleteRule>
</Relation>