<?xml version = '1.0' encoding = 'UTF-8'?>
<Relation class="oracle.dbtools.crest.model.design.logical.Relation" name="Relation_17" directorySegmentName="seg_0" id="BC3EC231-6046-FEAF-BFD6-76A1F7027968">
<createdBy>abdul</createdBy>
<createdTime>2025-08-23 21:57:39 UTC</createdTime>
<ownerDesignName>BT_Airways_Model</ownerDesignName>
<engineerTo>
<item key="91F143E8-2BEE-E5E3-EFDE-BE024A739194" value="true"/>
</engineerTo>
<sourcePk>DA76BB1A-781C-1CF2-8766-3B1A161DF49A</sourcePk>
<identifying>false</identifying>
<optionalSource>true</optionalSource>
<optionalTarget>false</optionalTarget>
<sourceCardinality>1</sourceCardinality>
<sourceEntity>9A2E023F-E403-D886-9354-DDC0C54E8E7A</sourceEntity>
<targetCardinalityString>*</targetCardinalityString>
<targetEntity>16FE723F-E003-790E-6063-31E454724195</targetEntity>
<transferable>true</transferable>
<deleteRule>NO ACTION</deleteRule>
</Relation>