<?xml version = '1.0' encoding = 'UTF-8'?>
<Relation class="oracle.dbtools.crest.model.design.logical.Relation" name="Relation_16" directorySegmentName="seg_0" id="C70A65BB-7285-C80D-F9CF-56FA95C5FDCA">
<createdBy>abdul</createdBy>
<createdTime>2025-08-23 21:55:35 UTC</createdTime>
<ownerDesignName>BT_Airways_Model</ownerDesignName>
<engineerTo>
<item key="91F143E8-2BEE-E5E3-EFDE-BE024A739194" value="true"/>
</engineerTo>
<sourcePk>E3C80835-DACD-3BD1-135E-9334A5DF9AEE</sourcePk>
<identifying>false</identifying>
<optionalSource>true</optionalSource>
<optionalTarget>false</optionalTarget>
<sourceCardinality>1</sourceCardinality>
<sourceEntity>939725D6-2B14-F513-037A-1B68FF2C7954</sourceEntity>
<targetCardinalityString>*</targetCardinalityString>
<targetEntity>29219542-BAA3-66EE-6679-CA9F161A2A0A</targetEntity>
<transferable>true</transferable>
<deleteRule>NO ACTION</deleteRule>
</Relation>