<?xml version = '1.0' encoding = 'UTF-8'?>
<Relation class="oracle.dbtools.crest.model.design.logical.Relation" name="Relation_14" directorySegmentName="seg_0" id="CA4E5B8B-F8D1-69AB-1C39-BC849144827F">
<createdBy>abdul</createdBy>
<createdTime>2025-08-23 21:52:24 UTC</createdTime>
<ownerDesignName>BT_Airways_Model</ownerDesignName>
<engineerTo>
<item key="91F143E8-2BEE-E5E3-EFDE-BE024A739194" value="true"/>
</engineerTo>
<sourcePk>F87EB92D-D8DE-EDF5-7FCF-F1E04EAFE598</sourcePk>
<targetPk>4316FFA6-E029-97E4-C495-A501597EABC5</targetPk>
<identifying>false</identifying>
<optionalSource>false</optionalSource>
<optionalTarget>false</optionalTarget>
<sourceCardinality>1</sourceCardinality>
<sourceEntity>FBC8F807-CF24-7066-FE78-6F695E0B1868</sourceEntity>
<targetCardinalityString>1</targetCardinalityString>
<targetEntity>61DA70AA-5678-9380-F228-5EC39C37E40F</targetEntity>
<transferable>true</transferable>
<deleteRule>NO ACTION</deleteRule>
</Relation>