<?xml version = '1.0' encoding = 'UTF-8'?>
<Diagram class="oracle.dbtools.crest.swingui.relational.DPVRelational" name="Relational_1" id="71538146-C3DB-7D6E-9DC6-83151161A68D">
<createdBy>abdul</createdBy>
<modifiedBy>abdul</modifiedBy>
<createdTime>2025-09-14 21:55:42 UTC</createdTime>
<autoRoute>false</autoRoute>
<boxInbox>true</boxInbox>
<showLegend>false</showLegend>
<showLabels>false</showLabels>
<showRelAttributes>false</showRelAttributes>
<gridEnabled>false</gridEnabled>
<showGrid>false</showGrid>
<diagramColor>-1</diagramColor>
<display>false</display>
<notation>1</notation>
<objectViews>
<OView class="oracle.dbtools.crest.swingui.relational.TVTable" oid="18951670-7C51-CED2-263D-B725BF69F7D2" otype="Table" vid="D3144CAE-0B19-F14E-2788-1C557246CD44">
<hideElementsInCurrentOnly>false</hideElementsInCurrentOnly>
<bounds x="36" y="13" width="177" height="130"/>
</OView>
<OView class="oracle.dbtools.crest.swingui.relational.TVTable" oid="1E1130BC-74E8-1392-05FC-630615545F65" otype="Table" vid="9BB926F1-49EF-711B-B226-ECD6E076FF1F">
<hideElementsInCurrentOnly>false</hideElementsInCurrentOnly>
<bounds x="318" y="686" width="237" height="114"/>
</OView>
<OView class="oracle.dbtools.crest.swingui.relational.TVTable" oid="2AA0FBB5-4551-2C08-08D5-E0E68D7CF5AC" otype="Table" vid="C53DBA65-CB5E-ADCD-5457-56686B89ACBE">
<hideElementsInCurrentOnly>false</hideElementsInCurrentOnly>
<bounds x="1073" y="162" width="238" height="140"/>
</OView>
<OView class="oracle.dbtools.crest.swingui.relational.TVTable" oid="3AD0709D-502F-D222-13B5-E98A58C76759" otype="Table" vid="2CD05108-72B9-F3FE-0752-95ADB33B42D5">
<hideElementsInCurrentOnly>false</hideElementsInCurrentOnly>
<bounds x="24" y="488" width="282" height="150"/>
</OView>
<OView class="oracle.dbtools.crest.swingui.relational.TVTable" oid="4335FE3C-3920-1403-5027-A99EE8640252" otype="Table" vid="014AA6BF-4683-A2EF-EA45-52596AEBE6A0">
<hideElementsInCurrentOnly>false</hideElementsInCurrentOnly>
<bounds x="623" y="477" width="352" height="344"/>
</OView>
<OView class="oracle.dbtools.crest.swingui.relational.TVTable" oid="5DF0A260-602D-9129-4591-79D88D619AE8" otype="Table" vid="A91BCED0-B833-D525-4BB2-00348CA2B633">
<hideElementsInCurrentOnly>false</hideElementsInCurrentOnly>
<bounds x="1093" y="2" width="226" height="143"/>
</OView>
<OView class="oracle.dbtools.crest.swingui.relational.TVTable" oid="5E19D951-1CDC-5959-2F72-7CFF05A5EAEB" otype="Table" vid="6E0616F3-A06E-1132-8C92-438E478AEAC4">
<hideElementsInCurrentOnly>false</hideElementsInCurrentOnly>
<bounds x="20" y="158" width="212" height="134"/>
</OView>
<OView class="oracle.dbtools.crest.swingui.relational.TVTable" oid="706DB7C0-5347-28FC-F4A7-F9BDBCCAF057" otype="Table" vid="368D5CF4-21A4-48E5-3406-E873F316C273">
<hideElementsInCurrentOnly>false</hideElementsInCurrentOnly>
<bounds x="1435" y="9" width="179" height="133"/>
</OView>
<OView class="oracle.dbtools.crest.swingui.relational.TVTable" oid="752071C9-5699-76C7-65C1-6A32B0449EAA" otype="Table" vid="69257DF7-6A51-4DCC-51D7-28470DFA94E3">
<hideElementsInCurrentOnly>false</hideElementsInCurrentOnly>
<bounds x="1086" y="679" width="271" height="145"/>
</OView>
<OView class="oracle.dbtools.crest.swingui.relational.TVTable" oid="7D4D1967-50BA-C277-9C95-E1C4CF3047A1" otype="Table" vid="92484E18-4021-F817-247D-3AC1DD33FE88">
<hideElementsInCurrentOnly>false</hideElementsInCurrentOnly>
<bounds x="688" y="15" width="313" height="376"/>
</OView>
<OView class="oracle.dbtools.crest.swingui.relational.TVTable" oid="B9A6917E-C64F-CE6E-BD94-598A304DA223" otype="Table" vid="C67CB2A5-6392-78B1-6840-9FC551247330">
<hideElementsInCurrentOnly>false</hideElementsInCurrentOnly>
<bounds x="1336" y="252" width="259" height="148"/>
</OView>
<OView class="oracle.dbtools.crest.swingui.relational.TVTable" oid="C5767ED3-1638-B0AD-E7ED-ECB6019DC02A" otype="Table" vid="3913E44D-0F79-0B1B-F0B9-06206DD1C65D">
<hideElementsInCurrentOnly>false</hideElementsInCurrentOnly>
<bounds x="342" y="20" width="311" height="350"/>
</OView>
<OView class="oracle.dbtools.crest.swingui.relational.TVTable" oid="DA7B4893-0561-1472-EFE6-0EC4EFB83696" otype="Table" vid="AE179B34-8D6C-4378-39C8-FEFC385F12C9">
<hideElementsInCurrentOnly>false</hideElementsInCurrentOnly>
<bounds x="27" y="712" width="237" height="141"/>
</OView>
<OView class="oracle.dbtools.crest.swingui.relational.TVTable" oid="E3619686-AF05-A2AE-0490-0EEAAD70D655" otype="Table" vid="FB655E89-EE81-1E65-4DFE-D69627138326">
<hideElementsInCurrentOnly>false</hideElementsInCurrentOnly>
<bounds x="1089" y="426" width="302" height="182"/>
</OView>
<OView class="oracle.dbtools.crest.swingui.relational.TVTable" oid="F5F58FA2-8D7A-8542-5E7A-A1F3A7E4C1E7" otype="Table" vid="7AEF2619-D9EA-B9F4-34B3-8BE2A02286A8">
<hideElementsInCurrentOnly>false</hideElementsInCurrentOnly>
<bounds x="27" y="315" width="187" height="137"/>
</OView>
</objectViews>
<connectors>
<Connector class="oracle.dbtools.crest.swingui.relational.TVFKRelation" oid="2093B5C8-D012-4DD2-DFA4-F7C897A92258" otype="FKIndexAssociation" vid_source="368D5CF4-21A4-48E5-3406-E873F316C273" vid_target="A91BCED0-B833-D525-4BB2-00348CA2B633">
<hideElementsInCurrentOnly>false</hideElementsInCurrentOnly>
<backgroundColor>-16777216</backgroundColor>
<lineWidth>1</lineWidth>
<points>
<point x="1435" y="75"/>
<point x="1319" y="75"/>
</points>
</Connector>
<Connector class="oracle.dbtools.crest.swingui.relational.TVFKRelation" oid="260FEE59-3DED-0D70-61A7-9882253B8BD4" otype="FKIndexAssociation" vid_source="7AEF2619-D9EA-B9F4-34B3-8BE2A02286A8" vid_target="3913E44D-0F79-0B1B-F0B9-06206DD1C65D">
<hideElementsInCurrentOnly>false</hideElementsInCurrentOnly>
<backgroundColor>-16777216</backgroundColor>
<lineWidth>1</lineWidth>
<points>
<point x="214" y="342"/>
<point x="342" y="342"/>
</points>
</Connector>
<Connector class="oracle.dbtools.crest.swingui.relational.TVFKRelation" oid="281CC485-7B78-1FEA-5386-85B48995AA82" otype="FKIndexAssociation" vid_source="3913E44D-0F79-0B1B-F0B9-06206DD1C65D" vid_target="014AA6BF-4683-A2EF-EA45-52596AEBE6A0">
<hideElementsInCurrentOnly>false</hideElementsInCurrentOnly>
<backgroundColor>-16777216</backgroundColor>
<lineWidth>1</lineWidth>
<points>
<point x="638" y="370"/>
<point x="601" y="477"/>
</points>
</Connector>
<Connector class="oracle.dbtools.crest.swingui.relational.TVFKRelation" oid="2AA09A91-DBB7-287F-1D0E-93D65388A17C" otype="FKIndexAssociation" vid_source="92484E18-4021-F817-247D-3AC1DD33FE88" vid_target="014AA6BF-4683-A2EF-EA45-52596AEBE6A0">
<hideElementsInCurrentOnly>false</hideElementsInCurrentOnly>
<backgroundColor>-16777216</backgroundColor>
<lineWidth>1</lineWidth>
<points>
<point x="831" y="391"/>
<point x="601" y="477"/>
</points>
</Connector>
<Connector class="oracle.dbtools.crest.swingui.relational.TVFKRelation" oid="60356992-C602-C47C-49A1-12009C4E5D17" otype="FKIndexAssociation" vid_source="C53DBA65-CB5E-ADCD-5457-56686B89ACBE" vid_target="92484E18-4021-F817-247D-3AC1DD33FE88">
<hideElementsInCurrentOnly>false</hideElementsInCurrentOnly>
<backgroundColor>-16777216</backgroundColor>
<lineWidth>1</lineWidth>
<points>
<point x="1073" y="232"/>
<point x="1001" y="232"/>
</points>
</Connector>
<Connector class="oracle.dbtools.crest.swingui.relational.TVFKRelation" oid="6D61DB52-1662-41B3-0E7B-1E0A2193BA48" otype="FKIndexAssociation" vid_source="C67CB2A5-6392-78B1-6840-9FC551247330" vid_target="92484E18-4021-F817-247D-3AC1DD33FE88">
<hideElementsInCurrentOnly>false</hideElementsInCurrentOnly>
<backgroundColor>-16777216</backgroundColor>
<lineWidth>1</lineWidth>
<points>
<point x="1336" y="321"/>
<point x="1001" y="321"/>
</points>
</Connector>
<Connector class="oracle.dbtools.crest.swingui.relational.TVFKRelation" oid="706D4826-FEAD-8D91-F2BA-591A87292170" otype="FKIndexAssociation" vid_source="2CD05108-72B9-F3FE-0752-95ADB33B42D5" vid_target="014AA6BF-4683-A2EF-EA45-52596AEBE6A0">
<hideElementsInCurrentOnly>false</hideElementsInCurrentOnly>
<backgroundColor>-16777216</backgroundColor>
<lineWidth>1</lineWidth>
<points>
<point x="306" y="563"/>
<point x="601" y="563"/>
</points>
</Connector>
<Connector class="oracle.dbtools.crest.swingui.relational.TVFKRelation" oid="7E6560C3-6587-8AC6-C91F-98DB98182467" otype="FKIndexAssociation" vid_source="9BB926F1-49EF-711B-B226-ECD6E076FF1F" vid_target="014AA6BF-4683-A2EF-EA45-52596AEBE6A0">
<hideElementsInCurrentOnly>false</hideElementsInCurrentOnly>
<backgroundColor>-16777216</backgroundColor>
<lineWidth>1</lineWidth>
<points>
<point x="555" y="743"/>
<point x="601" y="665"/>
</points>
</Connector>
<Connector class="oracle.dbtools.crest.swingui.relational.TVFKRelation" oid="AD9775E5-3F51-F42D-0DA9-9F0BB89EB107" otype="FKIndexAssociation" vid_source="AE179B34-8D6C-4378-39C8-FEFC385F12C9" vid_target="2CD05108-72B9-F3FE-0752-95ADB33B42D5">
<hideElementsInCurrentOnly>false</hideElementsInCurrentOnly>
<backgroundColor>-16777216</backgroundColor>
<lineWidth>1</lineWidth>
<points>
<point x="145" y="712"/>
<point x="145" y="638"/>
</points>
</Connector>
<Connector class="oracle.dbtools.crest.swingui.relational.TVFKRelation" oid="C10D9A95-DA10-6CBD-551F-EAE3E20661F9" otype="FKIndexAssociation" vid_source="6E0616F3-A06E-1132-8C92-438E478AEAC4" vid_target="3913E44D-0F79-0B1B-F0B9-06206DD1C65D">
<hideElementsInCurrentOnly>false</hideElementsInCurrentOnly>
<backgroundColor>-16777216</backgroundColor>
<lineWidth>1</lineWidth>
<points>
<point x="232" y="225"/>
<point x="342" y="225"/>
</points>
</Connector>
<Connector class="oracle.dbtools.crest.swingui.relational.TVFKRelation" oid="D2578BDA-EAB4-E84E-6697-914ACBFCA598" otype="FKIndexAssociation" vid_source="A91BCED0-B833-D525-4BB2-00348CA2B633" vid_target="92484E18-4021-F817-247D-3AC1DD33FE88">
<hideElementsInCurrentOnly>false</hideElementsInCurrentOnly>
<backgroundColor>-16777216</backgroundColor>
<lineWidth>1</lineWidth>
<points>
<point x="1093" y="80"/>
<point x="1001" y="80"/>
</points>
</Connector>
<Connector class="oracle.dbtools.crest.swingui.relational.TVFKRelation" oid="DAC87860-994A-662C-0519-B45E1533BB3D" otype="FKIndexAssociation" vid_source="014AA6BF-4683-A2EF-EA45-52596AEBE6A0" vid_target="FB655E89-EE81-1E65-4DFE-D69627138326">
<hideElementsInCurrentOnly>false</hideElementsInCurrentOnly>
<backgroundColor>-16777216</backgroundColor>
<lineWidth>1</lineWidth>
<points>
<point x="601" y="542"/>
<point x="1089" y="542"/>
</points>
</Connector>
<Connector class="oracle.dbtools.crest.swingui.relational.TVFKRelation" oid="F5CC65FF-42B8-8B44-4313-792D26A2EF8B" otype="FKIndexAssociation" vid_source="D3144CAE-0B19-F14E-2788-1C557246CD44" vid_target="3913E44D-0F79-0B1B-F0B9-06206DD1C65D">
<hideElementsInCurrentOnly>false</hideElementsInCurrentOnly>
<backgroundColor>-16777216</backgroundColor>
<lineWidth>1</lineWidth>
<points>
<point x="213" y="81"/>
<point x="342" y="81"/>
</points>
</Connector>
<Connector class="oracle.dbtools.crest.swingui.relational.TVFKRelation" oid="FE4DA1D9-6447-35A2-B8C2-03BC654E290B" otype="FKIndexAssociation" vid_source="69257DF7-6A51-4DCC-51D7-28470DFA94E3" vid_target="FB655E89-EE81-1E65-4DFE-D69627138326">
<hideElementsInCurrentOnly>false</hideElementsInCurrentOnly>
<backgroundColor>-16777216</backgroundColor>
<lineWidth>1</lineWidth>
<points>
<point x="1223" y="679"/>
<point x="1223" y="608"/>
</points>
</Connector>
</connectors>
</Diagram>