<?xml version = '1.0' encoding = 'UTF-8'?>
<relationalModel class="oracle.dbtools.crest.model.design.relational.RelationalDesign" name="Relational_1" id="91F143E8-2BEE-E5E3-EFDE-BE024A739194" mainViewID="8FFE7247-9C30-8E48-8864-34776252EA70">
<createdBy>abdul</createdBy>
<createdTime>2025-08-23 20:32:33 UTC</createdTime>
<ownerDesignName>BT_Airways_Model</ownerDesignName>
<shouldBeOpen>false</shouldBeOpen>
<selectedRDBMSSite>32076570-2523-435C-2E92-BF29817DFF70</selectedRDBMSSite>
</relationalModel>