<?xml version = '1.0' encoding = 'UTF-8'?>
<Relation class="oracle.dbtools.crest.model.design.logical.InheritanceRelation" name="Hierarchy_5" directorySegmentName="seg_0" id="4FADC17F-6A4B-5F99-C436-8DAA2D319B31">
<createdBy>abdul</createdBy>
<createdTime>2025-09-07 23:24:16 UTC</createdTime>
<ownerDesignName>ACTIVIDAD SEMANA 4</ownerDesignName>
<engineerTo>
<item key="16AB2027-D3AE-6734-90A0-D0C62600ED55" value="true"/>
</engineerTo>
<arc>979E0B13-1EB4-8751-C44C-E8852E9572B2</arc>
<identifying>false</identifying>
<nameOnSource>Super Type</nameOnSource>
<nameOnTarget>Sub Type</nameOnTarget>
<optionalSource>true</optionalSource>
<optionalTarget>true</optionalTarget>
<sourceEntity>27CD262F-5F7D-1AD4-B251-908CEFC61A91</sourceEntity>
<targetEntity>834A59F8-4E6B-69E4-070D-607A154BAF22</targetEntity>
<transferable>true</transferable>
<deleteRule>NO ACTION</deleteRule>
</Relation>