<?xml version = '1.0' encoding = 'UTF-8'?>
<Relation class="oracle.dbtools.crest.model.design.logical.InheritanceRelation" name="Hierarchy_6" directorySegmentName="seg_0" id="89077892-E869-0065-9DA8-7CD72C4EBEE8">
<createdBy>abdul</createdBy>
<createdTime>2025-09-07 23:24:21 UTC</createdTime>
<ownerDesignName>ACTIVIDAD SEMANA 4</ownerDesignName>
<engineerTo>
<item key="16AB2027-D3AE-6734-90A0-D0C62600ED55" value="true"/>
</engineerTo>
<arc>979E0B13-1EB4-8751-C44C-E8852E9572B2</arc>
<identifying>false</identifying>
<nameOnSource>Super Type</nameOnSource>
<nameOnTarget>Sub Type</nameOnTarget>
<optionalSource>true</optionalSource>
<optionalTarget>true</optionalTarget>
<sourceEntity>27CD262F-5F7D-1AD4-B251-908CEFC61A91</sourceEntity>
<targetEntity>CFDE8D33-C329-885F-3A21-9865C53C15AA</targetEntity>
<transferable>true</transferable>
<deleteRule>NO ACTION</deleteRule>
</Relation>