<?xml version = '1.0' encoding = 'UTF-8'?>
<relationalModel class="oracle.dbtools.crest.model.design.relational.RelationalDesign" name="Relational_1" id="5E73717E-40AD-34B8-D4C7-63FCA818A818" mainViewID="71538146-C3DB-7D6E-9DC6-83151161A68D">
<createdBy>abdul</createdBy>
<createdTime>2025-09-14 18:50:25 UTC</createdTime>
<ownerDesignName>MODELO LOGICO SEMANA 5</ownerDesignName>
<shouldBeOpen>false</shouldBeOpen>
<selectedRDBMSSite>32076570-2523-435C-2E92-BF29817DFF70</selectedRDBMSSite>
</relationalModel>