<?xml version = '1.0' encoding = 'UTF-8'?>
<Arc class="oracle.dbtools.crest.model.design.logical.Arc" directorySegmentName="seg_0" id="2F52C326-CDE2-00A9-4AB0-84CCFC6C5C10" name="Arc_8">
<createdBy>abdul</createdBy>
<createdTime>2025-08-31 08:39:16 UTC</createdTime>
<ownerDesignName>Vivir_Mejor_Residencia</ownerDesignName>
<engineerTo>
<item key="925B1772-7B55-CB09-6532-FBE87F1E4833" value="true"/>
</engineerTo>
<entity>2C117852-0A2A-6882-B4E5-544AC0E6106F</entity>
<relations>
<relationID>605A87AF-136F-4971-C5F1-151EEF89E8C6</relationID>
<relationID>B3CC044C-2AFA-EA34-3E02-C7BA86A34CCC</relationID>
</relations>
</Arc>