<?xml version = '1.0' encoding = 'UTF-8'?>
<Arc class="oracle.dbtools.crest.model.design.logical.Arc" directorySegmentName="seg_0" id="70559EBB-E560-761A-DD1C-4A034FE16D1D" name="Arc_7">
<createdBy>abdul</createdBy>
<createdTime>2025-08-31 08:38:26 UTC</createdTime>
<ownerDesignName>Vivir_Mejor_Residencia</ownerDesignName>
<engineerTo>
<item key="925B1772-7B55-CB09-6532-FBE87F1E4833" value="true"/>
</engineerTo>
<entity>35411ADF-3382-C2F7-9F9B-43E23818D418</entity>
<relations>
<relationID>D2C5A5F0-DF79-4E48-1E02-554278BA6586</relationID>
<relationID>C0E10F8A-8D50-315B-ACC0-00BCBC6F2E14</relationID>
</relations>
</Arc>