<?xml version = '1.0' encoding = 'UTF-8'?>
<Arc class="oracle.dbtools.crest.model.design.logical.Arc" directorySegmentName="seg_0" id="D13E9D8A-769F-704B-2BF9-868CB45C37CE" name="Arc_4">
<createdBy>abdul</createdBy>
<createdTime>2025-08-31 08:30:00 UTC</createdTime>
<ownerDesignName>Vivir_Mejor_Residencia</ownerDesignName>
<engineerTo>
<item key="925B1772-7B55-CB09-6532-FBE87F1E4833" value="true"/>
</engineerTo>
<entity>2442E6B2-4C80-139A-90A2-1906E123708A</entity>
<relations>
<relationID>3198E4D1-A54F-7DCA-27BC-15ED8281E762</relationID>
<relationID>6D697CCD-801C-A570-5060-4CD13D2079FA</relationID>
</relations>
</Arc>