<?xml version = '1.0' encoding = 'UTF-8'?>
<Diagram class="oracle.dbtools.crest.swingui.logical.DPVLogical" name="Logical" id="F4C7F3FE-86AD-085B-7F94-831BD22CB011">
<createdBy>abdul</createdBy>
<modifiedBy>abdul</modifiedBy>
<createdTime>2025-09-14 18:50:34 UTC</createdTime>
<autoRoute>false</autoRoute>
<boxInbox>true</boxInbox>
<showLegend>false</showLegend>
<showLabels>false</showLabels>
<showRelAttributes>false</showRelAttributes>
<gridEnabled>false</gridEnabled>
<showGrid>false</showGrid>
<diagramColor>-1</diagramColor>
<display>false</display>
<notation>1</notation>
<objectViews>
<OView class="oracle.dbtools.crest.swingui.logical.TVEntity" oid="067C2518-D056-942E-6171-A1857B7E5E15" otype="Entity" vid="E02BB04B-C95A-9FA0-9132-67B3A40933E5">
<hideElementsInCurrentOnly>false</hideElementsInCurrentOnly>
<bounds x="22" y="155" width="149" height="110"/>
</OView>
<OView class="oracle.dbtools.crest.swingui.logical.TVEntity" oid="1034F8E4-B980-A398-962B-F8F70369D50A" otype="Entity" vid="1FDBA796-B3CD-482B-94AF-25D09DC52442">
<hideElementsInCurrentOnly>false</hideElementsInCurrentOnly>
<bounds x="971" y="240" width="131" height="96"/>
</OView>
<OView class="oracle.dbtools.crest.swingui.logical.TVEntity" oid="180C79F5-CD37-EDAA-3516-0B7EE34C1B4F" otype="Entity" vid="E5396F12-FB69-622A-ED0E-466D79997755">
<hideElementsInCurrentOnly>false</hideElementsInCurrentOnly>
<bounds x="25" y="293" width="134" height="90"/>
</OView>
<OView class="oracle.dbtools.crest.swingui.logical.TVEntity" oid="1CDD918E-B31A-5DBB-ADC0-738642AE14B6" otype="Entity" vid="D1498974-0BA5-B08E-BFBA-504D1BAC9BB4">
<hideElementsInCurrentOnly>false</hideElementsInCurrentOnly>
<bounds x="971" y="0" width="148" height="127"/>
</OView>
<OView class="oracle.dbtools.crest.swingui.logical.TVEntity" oid="35388DC6-1AA2-DEF5-B3DD-83C17E2DA356" otype="Entity" vid="39392303-BAFA-F698-785B-23773ACA30E4">
<hideElementsInCurrentOnly>false</hideElementsInCurrentOnly>
<bounds x="36" y="13" width="124" height="106"/>
</OView>
<OView class="oracle.dbtools.crest.swingui.logical.TVEntity" oid="51B64002-EFCA-F2AA-6496-9B22D3C6C46E" otype="Entity" vid="32B405DC-0C54-78B3-8B93-DE84BE260248">
<hideElementsInCurrentOnly>false</hideElementsInCurrentOnly>
<bounds x="929" y="479" width="237" height="172"/>
</OView>
<OView class="oracle.dbtools.crest.swingui.logical.TVEntity" oid="5AE4F54D-5A8A-92C5-5781-56302CA8D864" otype="Entity" vid="F14484B8-EEFD-DEBF-7E84-ABE2B569B808">
<hideElementsInCurrentOnly>false</hideElementsInCurrentOnly>
<bounds x="91" y="691" width="155" height="125"/>
</OView>
<OView class="oracle.dbtools.crest.swingui.logical.TVEntity" oid="69356286-32E9-623F-A32B-1DEE24CF7D11" otype="Entity" vid="5F1E918C-1D46-B247-F76C-4E04F9F97CD6">
<hideElementsInCurrentOnly>false</hideElementsInCurrentOnly>
<bounds x="1202" y="7" width="143" height="118"/>
</OView>
<OView class="oracle.dbtools.crest.swingui.logical.TVEntity" oid="7027BD6E-CBB5-D82F-8C69-A16AE1DB3428" otype="Entity" vid="643E98E8-48A2-5601-C6C8-7D9463349AEF">
<hideElementsInCurrentOnly>false</hideElementsInCurrentOnly>
<bounds x="100" y="433" width="130" height="99"/>
</OView>
<OView class="oracle.dbtools.crest.swingui.logical.TVEntity" oid="81EC5897-D27E-29D6-C1FB-B5988A60C94F" otype="Entity" vid="BC7CB5C3-68BF-0365-5569-7897119446C9">
<hideElementsInCurrentOnly>false</hideElementsInCurrentOnly>
<bounds x="400" y="464" width="201" height="201"/>
</OView>
<OView class="oracle.dbtools.crest.swingui.logical.TVEntity" oid="8235CACA-6195-F692-76EA-2B839876BFBA" otype="Entity" vid="A1862FA1-1F4F-D7D3-3830-81CA29207609">
<hideElementsInCurrentOnly>false</hideElementsInCurrentOnly>
<bounds x="700" y="505" width="153" height="95"/>
</OView>
<OView class="oracle.dbtools.crest.swingui.logical.TVEntity" oid="AA6703F4-F131-2798-2155-BAD20D9ABCF6" otype="Entity" vid="EBC5C3F4-3C9D-7932-9466-AFA997FF0A3C">
<hideElementsInCurrentOnly>false</hideElementsInCurrentOnly>
<bounds x="232" y="21" width="246" height="326"/>
</OView>
<OView class="oracle.dbtools.crest.swingui.logical.TVEntity" oid="B7900F61-6383-6177-138A-172054A36975" otype="Entity" vid="9F30592B-72AC-6D04-839A-43F7317A4A32">
<hideElementsInCurrentOnly>false</hideElementsInCurrentOnly>
<bounds x="972" y="134" width="132" height="99"/>
</OView>
<OView class="oracle.dbtools.crest.swingui.logical.TVEntity" oid="D95F46F5-17EC-AAD5-B430-CE3B2FE2F101" otype="Entity" vid="34C6734E-3538-F3A0-0A0F-35D24D8456DE">
<hideElementsInCurrentOnly>false</hideElementsInCurrentOnly>
<bounds x="100" y="547" width="158" height="112"/>
</OView>
<OView class="oracle.dbtools.crest.swingui.logical.TVEntity" oid="FDA8CC85-B08A-3139-5E41-4B8887F9889C" otype="Entity" vid="3BB30999-4869-5CE2-391C-936C8816794D">
<hideElementsInCurrentOnly>false</hideElementsInCurrentOnly>
<bounds x="556" y="25" width="242" height="284"/>
</OView>
</objectViews>
<connectors>
<Connector class="oracle.dbtools.crest.swingui.logical.TVRelation" oid="1FBE03D5-F5D7-EB37-6621-E4CED293DE99" otype="Relation" vid_source="E5396F12-FB69-622A-ED0E-466D79997755" vid_target="EBC5C3F4-3C9D-7932-9466-AFA997FF0A3C">
<hideElementsInCurrentOnly>false</hideElementsInCurrentOnly>
<backgroundColor>-16777216</backgroundColor>
<lineWidth>1</lineWidth>
<points>
<point x="159" y="320"/>
<point x="232" y="320"/>
</points>
</Connector>
<Connector class="oracle.dbtools.crest.swingui.logical.TVRelation" oid="37FBF011-7DE0-DD60-7ACA-98D209D6E0D2" otype="Relation" vid_source="1FDBA796-B3CD-482B-94AF-25D09DC52442" vid_target="3BB30999-4869-5CE2-391C-936C8816794D">
<hideElementsInCurrentOnly>false</hideElementsInCurrentOnly>
<backgroundColor>-16777216</backgroundColor>
<lineWidth>1</lineWidth>
<points>
<point x="971" y="274"/>
<point x="798" y="274"/>
</points>
</Connector>
<Connector class="oracle.dbtools.crest.swingui.logical.TVRelation" oid="54B7EE76-91AE-4D29-13E1-D80A55387A3F" otype="Relation" vid_source="E02BB04B-C95A-9FA0-9132-67B3A40933E5" vid_target="EBC5C3F4-3C9D-7932-9466-AFA997FF0A3C">
<hideElementsInCurrentOnly>false</hideElementsInCurrentOnly>
<backgroundColor>-16777216</backgroundColor>
<lineWidth>1</lineWidth>
<points>
<point x="171" y="210"/>
<point x="232" y="210"/>
</points>
</Connector>
<Connector class="oracle.dbtools.crest.swingui.logical.TVRelation" oid="5A9743B0-068E-E2B6-DFFF-55E42DEEC6EA" otype="Relation" vid_source="643E98E8-48A2-5601-C6C8-7D9463349AEF" vid_target="BC7CB5C3-68BF-0365-5569-7897119446C9">
<hideElementsInCurrentOnly>false</hideElementsInCurrentOnly>
<backgroundColor>-16777216</backgroundColor>
<lineWidth>1</lineWidth>
<points>
<point x="230" y="498"/>
<point x="400" y="498"/>
</points>
</Connector>
<Connector class="oracle.dbtools.crest.swingui.logical.TVRelation" oid="5DD74A94-7BE0-ABEB-4564-8528B48C5F91" otype="Relation" vid_source="BC7CB5C3-68BF-0365-5569-7897119446C9" vid_target="A1862FA1-1F4F-D7D3-3830-81CA29207609">
<hideElementsInCurrentOnly>false</hideElementsInCurrentOnly>
<backgroundColor>-16777216</backgroundColor>
<lineWidth>1</lineWidth>
<points>
<point x="601" y="567"/>
<point x="700" y="567"/>
</points>
</Connector>
<Connector class="oracle.dbtools.crest.swingui.logical.TVRelation" oid="608DDBB6-F246-1E94-58A5-784B4DD75CFB" otype="Relation" vid_source="EBC5C3F4-3C9D-7932-9466-AFA997FF0A3C" vid_target="BC7CB5C3-68BF-0365-5569-7897119446C9">
<hideElementsInCurrentOnly>false</hideElementsInCurrentOnly>
<backgroundColor>-16777216</backgroundColor>
<lineWidth>1</lineWidth>
<points>
<point x="439" y="347"/>
<point x="439" y="464"/>
</points>
</Connector>
<Connector class="oracle.dbtools.crest.swingui.logical.TVRelation" oid="81F9D390-D45B-B3A3-4D58-800930840240" otype="Relation" vid_source="32B405DC-0C54-78B3-8B93-DE84BE260248" vid_target="A1862FA1-1F4F-D7D3-3830-81CA29207609">
<hideElementsInCurrentOnly>false</hideElementsInCurrentOnly>
<backgroundColor>-16777216</backgroundColor>
<lineWidth>1</lineWidth>
<points>
<point x="929" y="567"/>
<point x="853" y="567"/>
</points>
</Connector>
<Connector class="oracle.dbtools.crest.swingui.logical.TVRelation" oid="8D4A249A-87D7-2C85-5910-0BDFE948BFBD" otype="Relation" vid_source="9F30592B-72AC-6D04-839A-43F7317A4A32" vid_target="3BB30999-4869-5CE2-391C-936C8816794D">
<hideElementsInCurrentOnly>false</hideElementsInCurrentOnly>
<backgroundColor>-16777216</backgroundColor>
<lineWidth>1</lineWidth>
<points>
<point x="972" y="183"/>
<point x="798" y="183"/>
</points>
</Connector>
<Connector class="oracle.dbtools.crest.swingui.logical.TVRelation" oid="B2002AEF-07C3-0DAD-B579-A6651A69787C" otype="Relation" vid_source="5F1E918C-1D46-B247-F76C-4E04F9F97CD6" vid_target="D1498974-0BA5-B08E-BFBA-504D1BAC9BB4">
<hideElementsInCurrentOnly>false</hideElementsInCurrentOnly>
<backgroundColor>-16777216</backgroundColor>
<lineWidth>1</lineWidth>
<points>
<point x="1202" y="66"/>
<point x="1119" y="66"/>
</points>
</Connector>
<Connector class="oracle.dbtools.crest.swingui.logical.TVRelation" oid="BC243BF6-9A94-551B-5AC6-FC5D584A9FAD" otype="Relation" vid_source="D1498974-0BA5-B08E-BFBA-504D1BAC9BB4" vid_target="3BB30999-4869-5CE2-391C-936C8816794D">
<hideElementsInCurrentOnly>false</hideElementsInCurrentOnly>
<backgroundColor>-16777216</backgroundColor>
<lineWidth>1</lineWidth>
<points>
<point x="971" y="76"/>
<point x="798" y="76"/>
</points>
</Connector>
<Connector class="oracle.dbtools.crest.swingui.logical.TVRelation" oid="EBBA4221-DEAC-FB03-C9EF-53D8301DD706" otype="Relation" vid_source="39392303-BAFA-F698-785B-23773ACA30E4" vid_target="EBC5C3F4-3C9D-7932-9466-AFA997FF0A3C">
<hideElementsInCurrentOnly>false</hideElementsInCurrentOnly>
<backgroundColor>-16777216</backgroundColor>
<lineWidth>1</lineWidth>
<points>
<point x="160" y="70"/>
<point x="232" y="70"/>
</points>
</Connector>
<Connector class="oracle.dbtools.crest.swingui.logical.TVRelation" oid="EBBD294D-3EC9-6C63-FD26-9DA93FE21E5E" otype="Relation" vid_source="34C6734E-3538-F3A0-0A0F-35D24D8456DE" vid_target="BC7CB5C3-68BF-0365-5569-7897119446C9">
<hideElementsInCurrentOnly>false</hideElementsInCurrentOnly>
<backgroundColor>-16777216</backgroundColor>
<lineWidth>1</lineWidth>
<points>
<point x="258" y="603"/>
<point x="400" y="603"/>
</points>
</Connector>
<Connector class="oracle.dbtools.crest.swingui.logical.TVRelation" oid="EEDC6263-D355-3773-8B1F-AC5AA3433F83" otype="Relation" vid_source="F14484B8-EEFD-DEBF-7E84-ABE2B569B808" vid_target="34C6734E-3538-F3A0-0A0F-35D24D8456DE">
<hideElementsInCurrentOnly>false</hideElementsInCurrentOnly>
<backgroundColor>-16777216</backgroundColor>
<lineWidth>1</lineWidth>
<points>
<point x="173" y="691"/>
<point x="173" y="659"/>
</points>
</Connector>
<Connector class="oracle.dbtools.crest.swingui.logical.TVRelation" oid="F03546EE-DEB0-4B18-E361-1C1ED6001585" otype="Relation" vid_source="3BB30999-4869-5CE2-391C-936C8816794D" vid_target="BC7CB5C3-68BF-0365-5569-7897119446C9">
<hideElementsInCurrentOnly>false</hideElementsInCurrentOnly>
<backgroundColor>-16777216</backgroundColor>
<lineWidth>1</lineWidth>
<points>
<point x="578" y="309"/>
<point x="578" y="464"/>
</points>
</Connector>
</connectors>
</Diagram>