<?xml version = '1.0' encoding = 'UTF-8'?>
<FKIndexAssociation class="oracle.dbtools.crest.model.design.relational.FKIndexAssociation" directorySegmentName="seg_0" id="2093B5C8-D012-4DD2-DFA4-F7C897A92258" containerWithKeyObject="5DF0A260-602D-9129-4591-79D88D619AE8" localFKIndex="48D1680F-445F-884B-D050-225E5FE170C7" name="COMUNA_REGION_FK">
<createdBy>abdul</createdBy>
<createdTime>2025-09-14 21:55:42 UTC</createdTime>
<generatorID>B2002AEF-07C3-0DAD-B579-A6651A69787C</generatorID>
<ownerDesignName>MODELO LOGICO SEMANA 5</ownerDesignName>
<referredTableLongName>REGION</referredTableLongName>
<deleteRule>NO ACTION</deleteRule>
<referredTableID>706DB7C0-5347-28FC-F4A7-F9BDBCCAF057</referredTableID>
<keyObject>48BCD25E-9836-A5D1-415A-51E5FCE75303</keyObject>
<referredKeyID>48BCD25E-9836-A5D1-415A-51E5FCE75303</referredKeyID>
<mandatory>true</mandatory>
<refColNames>id_region</refColNames>
<transferable>true</transferable>
<rely>false</rely>
<columnDependencyConstraintGenerateInDDL>true</columnDependencyConstraintGenerateInDDL>
</FKIndexAssociation>