<?xml version = '1.0' encoding = 'UTF-8'?>
<FKIndexAssociation class="oracle.dbtools.crest.model.design.relational.FKIndexAssociation" directorySegmentName="seg_0" id="260FEE59-3DED-0D70-61A7-9882253B8BD4" containerWithKeyObject="C5767ED3-1638-B0AD-E7ED-ECB6019DC02A" localFKIndex="580AC167-F459-495E-9E3F-3340EA4189BB" name="MEDICO_AFP_FK">
<createdBy>abdul</createdBy>
<createdTime>2025-09-14 21:55:42 UTC</createdTime>
<generatorID>1FBE03D5-F5D7-EB37-6621-E4CED293DE99</generatorID>
<ownerDesignName>MODELO LOGICO SEMANA 5</ownerDesignName>
<referredTableLongName>AFP</referredTableLongName>
<deleteRule>NO ACTION</deleteRule>
<referredTableID>F5F58FA2-8D7A-8542-5E7A-A1F3A7E4C1E7</referredTableID>
<keyObject>FB985D4E-D203-69DA-2207-F029515ADEAF</keyObject>
<referredKeyID>FB985D4E-D203-69DA-2207-F029515ADEAF</referredKeyID>
<mandatory>true</mandatory>
<refColNames>id_afp</refColNames>
<transferable>true</transferable>
<rely>false</rely>
<columnDependencyConstraintGenerateInDDL>true</columnDependencyConstraintGenerateInDDL>
</FKIndexAssociation>