<?xml version = '1.0' encoding = 'UTF-8'?>
<FKIndexAssociation class="oracle.dbtools.crest.model.design.relational.FKIndexAssociation" directorySegmentName="seg_0" id="281CC485-7B78-1FEA-5386-85B48995AA82" containerWithKeyObject="4335FE3C-3920-1403-5027-A99EE8640252" localFKIndex="FD9B8CB1-DA53-1801-ACF6-C54AED01540C" name="ATENCION_MEDICO_FK">
<createdBy>abdul</createdBy>
<createdTime>2025-09-14 21:55:42 UTC</createdTime>
<generatorID>608DDBB6-F246-1E94-58A5-784B4DD75CFB</generatorID>
<ownerDesignName>MODELO LOGICO SEMANA 5</ownerDesignName>
<referredTableLongName>MEDICO</referredTableLongName>
<deleteRule>NO ACTION</deleteRule>
<referredTableID>C5767ED3-1638-B0AD-E7ED-ECB6019DC02A</referredTableID>
<keyObject>230D5965-6F0F-A729-B4F0-2045D3B3CD42</keyObject>
<referredKeyID>230D5965-6F0F-A729-B4F0-2045D3B3CD42</referredKeyID>
<mandatory>true</mandatory>
<refColNames>id_medico</refColNames>
<transferable>true</transferable>
<rely>false</rely>
<columnDependencyConstraintGenerateInDDL>true</columnDependencyConstraintGenerateInDDL>
</FKIndexAssociation>