<?xml version = '1.0' encoding = 'UTF-8'?>
<FKIndexAssociation class="oracle.dbtools.crest.model.design.relational.FKIndexAssociation" directorySegmentName="seg_0" id="2AA09A91-DBB7-287F-1D0E-93D65388A17C" containerWithKeyObject="4335FE3C-3920-1403-5027-A99EE8640252" localFKIndex="FFD939BA-127B-02DC-F6FF-0E6B5FB1A555" name="ATENCION_PACIENTE_FK">
<createdBy>abdul</createdBy>
<createdTime>2025-09-14 21:55:42 UTC</createdTime>
<generatorID>F03546EE-DEB0-4B18-E361-1C1ED6001585</generatorID>
<ownerDesignName>MODELO LOGICO SEMANA 5</ownerDesignName>
<referredTableLongName>PACIENTE</referredTableLongName>
<deleteRule>NO ACTION</deleteRule>
<referredTableID>7D4D1967-50BA-C277-9C95-E1C4CF3047A1</referredTableID>
<keyObject>3FCFDB93-06CB-7DAA-6C7D-8217486651F0</keyObject>
<referredKeyID>3FCFDB93-06CB-7DAA-6C7D-8217486651F0</referredKeyID>
<mandatory>true</mandatory>
<refColNames>id_paciente</refColNames>
<transferable>true</transferable>
<rely>false</rely>
<columnDependencyConstraintGenerateInDDL>true</columnDependencyConstraintGenerateInDDL>
</FKIndexAssociation>