<?xml version = '1.0' encoding = 'UTF-8'?>
<FKIndexAssociation class="oracle.dbtools.crest.model.design.relational.FKIndexAssociation" directorySegmentName="seg_0" id="60356992-C602-C47C-49A1-12009C4E5D17" containerWithKeyObject="7D4D1967-50BA-C277-9C95-E1C4CF3047A1" localFKIndex="7C512EB6-1B5B-CE5D-5709-2256F792A23A" name="PACIENTE_SEXO_FK">
<createdBy>abdul</createdBy>
<createdTime>2025-09-14 21:55:42 UTC</createdTime>
<generatorID>8D4A249A-87D7-2C85-5910-0BDFE948BFBD</generatorID>
<ownerDesignName>MODELO LOGICO SEMANA 5</ownerDesignName>
<referredTableLongName>SEXO</referredTableLongName>
<deleteRule>NO ACTION</deleteRule>
<referredTableID>2AA0FBB5-4551-2C08-08D5-E0E68D7CF5AC</referredTableID>
<keyObject>706501D6-8FEE-FA19-5689-22003612BCEB</keyObject>
<referredKeyID>706501D6-8FEE-FA19-5689-22003612BCEB</referredKeyID>
<mandatory>true</mandatory>
<refColNames>id_sexo</refColNames>
<transferable>true</transferable>
<rely>false</rely>
<columnDependencyConstraintGenerateInDDL>true</columnDependencyConstraintGenerateInDDL>
</FKIndexAssociation>