<?xml version = '1.0' encoding = 'UTF-8'?>
<FKIndexAssociation class="oracle.dbtools.crest.model.design.relational.FKIndexAssociation" directorySegmentName="seg_0" id="6D61DB52-1662-41B3-0E7B-1E0A2193BA48" containerWithKeyObject="7D4D1967-50BA-C277-9C95-E1C4CF3047A1" localFKIndex="4F8E67AD-F152-0648-7561-11BD0AA1FC58" name="PACIENTE_TIPO_PACIENTE_FK">
<createdBy>abdul</createdBy>
<createdTime>2025-09-14 21:55:42 UTC</createdTime>
<generatorID>37FBF011-7DE0-DD60-7ACA-98D209D6E0D2</generatorID>
<ownerDesignName>MODELO LOGICO SEMANA 5</ownerDesignName>
<referredTableLongName>TIPO_PACIENTE</referredTableLongName>
<deleteRule>NO ACTION</deleteRule>
<referredTableID>B9A6917E-C64F-CE6E-BD94-598A304DA223</referredTableID>
<keyObject>C6595F27-D77C-C3A2-800C-F407773D04F4</keyObject>
<referredKeyID>C6595F27-D77C-C3A2-800C-F407773D04F4</referredKeyID>
<mandatory>true</mandatory>
<refColNames>id_tip_paciente</refColNames>
<transferable>true</transferable>
<rely>false</rely>
<columnDependencyConstraintGenerateInDDL>true</columnDependencyConstraintGenerateInDDL>
</FKIndexAssociation>