<?xml version = '1.0' encoding = 'UTF-8'?>
<FKIndexAssociation class="oracle.dbtools.crest.model.design.relational.FKIndexAssociation" directorySegmentName="seg_0" id="706D4826-FEAD-8D91-F2BA-591A87292170" containerWithKeyObject="4335FE3C-3920-1403-5027-A99EE8640252" localFKIndex="A14A7683-E671-1084-40B3-CED5F0FC6631" name="ATENCION_PAGO_FK">
<createdBy>abdul</createdBy>
<createdTime>2025-09-14 21:55:42 UTC</createdTime>
<generatorID>EBBD294D-3EC9-6C63-FD26-9DA93FE21E5E</generatorID>
<ownerDesignName>MODELO LOGICO SEMANA 5</ownerDesignName>
<referredTableLongName>PAGO</referredTableLongName>
<deleteRule>NO ACTION</deleteRule>
<referredTableID>3AD0709D-502F-D222-13B5-E98A58C76759</referredTableID>
<keyObject>358F4A7E-0AA4-D948-E1A2-DC4E0A2AF569</keyObject>
<referredKeyID>358F4A7E-0AA4-D948-E1A2-DC4E0A2AF569</referredKeyID>
<mandatory>true</mandatory>
<refColNames>id_pago</refColNames>
<transferable>true</transferable>
<rely>false</rely>
<columnDependencyConstraintGenerateInDDL>true</columnDependencyConstraintGenerateInDDL>
</FKIndexAssociation>