<?xml version = '1.0' encoding = 'UTF-8'?>
<FKIndexAssociation class="oracle.dbtools.crest.model.design.relational.FKIndexAssociation" directorySegmentName="seg_0" id="7E6560C3-6587-8AC6-C91F-98DB98182467" containerWithKeyObject="4335FE3C-3920-1403-5027-A99EE8640252" localFKIndex="1AC843CE-61FC-BDC2-1746-2087E391C766" name="ATENCION_TIPO_ATENCION_FK">
<createdBy>abdul</createdBy>
<createdTime>2025-09-14 21:55:42 UTC</createdTime>
<generatorID>5A9743B0-068E-E2B6-DFFF-55E42DEEC6EA</generatorID>
<ownerDesignName>MODELO LOGICO SEMANA 5</ownerDesignName>
<referredTableLongName>TIPO_ATENCION</referredTableLongName>
<deleteRule>NO ACTION</deleteRule>
<referredTableID>1E1130BC-74E8-1392-05FC-630615545F65</referredTableID>
<keyObject>E8D2E4BB-CCC8-5506-EC35-CDA233F83A4B</keyObject>
<referredKeyID>E8D2E4BB-CCC8-5506-EC35-CDA233F83A4B</referredKeyID>
<mandatory>true</mandatory>
<refColNames>id_tip_atencion</refColNames>
<transferable>true</transferable>
<rely>false</rely>
<columnDependencyConstraintGenerateInDDL>true</columnDependencyConstraintGenerateInDDL>
</FKIndexAssociation>