<?xml version = '1.0' encoding = 'UTF-8'?>
<FKIndexAssociation class="oracle.dbtools.crest.model.design.relational.FKIndexAssociation" directorySegmentName="seg_0" id="AD9775E5-3F51-F42D-0DA9-9F0BB89EB107" containerWithKeyObject="3AD0709D-502F-D222-13B5-E98A58C76759" localFKIndex="0BEFE1AD-A2EC-65FB-8601-E84EF1D15AB3" name="PAGO_METODO_PAGO_FK">
<createdBy>abdul</createdBy>
<createdTime>2025-09-14 21:55:42 UTC</createdTime>
<generatorID>EEDC6263-D355-3773-8B1F-AC5AA3433F83</generatorID>
<ownerDesignName>MODELO LOGICO SEMANA 5</ownerDesignName>
<referredTableLongName>METODO_PAGO</referredTableLongName>
<deleteRule>NO ACTION</deleteRule>
<referredTableID>DA7B4893-0561-1472-EFE6-0EC4EFB83696</referredTableID>
<keyObject>C331E697-07DC-2D5B-FC3F-7EFEDF9A779E</keyObject>
<referredKeyID>C331E697-07DC-2D5B-FC3F-7EFEDF9A779E</referredKeyID>
<mandatory>true</mandatory>
<refColNames>id_metodo_pago</refColNames>
<transferable>true</transferable>
<rely>false</rely>
<columnDependencyConstraintGenerateInDDL>true</columnDependencyConstraintGenerateInDDL>
</FKIndexAssociation>