<?xml version = '1.0' encoding = 'UTF-8'?>
<FKIndexAssociation class="oracle.dbtools.crest.model.design.relational.FKIndexAssociation" directorySegmentName="seg_0" id="C10D9A95-DA10-6CBD-551F-EAE3E20661F9" containerWithKeyObject="C5767ED3-1638-B0AD-E7ED-ECB6019DC02A" localFKIndex="54EB7029-4FC8-F839-F1DC-5666D94ACD97" name="MEDICO_ESPECIALIDAD_FK">
<createdBy>abdul</createdBy>
<createdTime>2025-09-14 21:55:42 UTC</createdTime>
<generatorID>54B7EE76-91AE-4D29-13E1-D80A55387A3F</generatorID>
<ownerDesignName>MODELO LOGICO SEMANA 5</ownerDesignName>
<referredTableLongName>ESPECIALIDAD</referredTableLongName>
<deleteRule>NO ACTION</deleteRule>
<referredTableID>5E19D951-1CDC-5959-2F72-7CFF05A5EAEB</referredTableID>
<keyObject>A5272F57-C496-2A94-5EC3-614E836BA584</keyObject>
<referredKeyID>A5272F57-C496-2A94-5EC3-614E836BA584</referredKeyID>
<mandatory>true</mandatory>
<refColNames>id_especialidad</refColNames>
<transferable>true</transferable>
<rely>false</rely>
<columnDependencyConstraintGenerateInDDL>true</columnDependencyConstraintGenerateInDDL>
</FKIndexAssociation>