<?xml version = '1.0' encoding = 'UTF-8'?>
<FKIndexAssociation class="oracle.dbtools.crest.model.design.relational.FKIndexAssociation" directorySegmentName="seg_0" id="D2578BDA-EAB4-E84E-6697-914ACBFCA598" containerWithKeyObject="7D4D1967-50BA-C277-9C95-E1C4CF3047A1" localFKIndex="2189D145-8782-28F7-0854-B6AA08D0B352" name="PACIENTE_COMUNA_FK">
<createdBy>abdul</createdBy>
<createdTime>2025-09-14 21:55:42 UTC</createdTime>
<generatorID>BC243BF6-9A94-551B-5AC6-FC5D584A9FAD</generatorID>
<ownerDesignName>MODELO LOGICO SEMANA 5</ownerDesignName>
<referredTableLongName>COMUNA</referredTableLongName>
<deleteRule>NO ACTION</deleteRule>
<referredTableID>5DF0A260-602D-9129-4591-79D88D619AE8</referredTableID>
<keyObject>2468697A-30F9-4D97-EB9E-1AA1C95042AE</keyObject>
<referredKeyID>2468697A-30F9-4D97-EB9E-1AA1C95042AE</referredKeyID>
<mandatory>true</mandatory>
<refColNames>id_comuna,REGION_id_region</refColNames>
<transferable>true</transferable>
<rely>false</rely>
<columnDependencyConstraintGenerateInDDL>true</columnDependencyConstraintGenerateInDDL>
</FKIndexAssociation>