<?xml version = '1.0' encoding = 'UTF-8'?>
<FKIndexAssociation class="oracle.dbtools.crest.model.design.relational.FKIndexAssociation" directorySegmentName="seg_0" id="DAC87860-994A-662C-0519-B45E1533BB3D" containerWithKeyObject="E3619686-AF05-A2AE-0490-0EEAAD70D655" localFKIndex="39561914-D498-25B6-6B94-D89477C22486" name="SOLICITUD_EXAMEN_ATENCION_FK">
<createdBy>abdul</createdBy>
<createdTime>2025-09-14 21:55:42 UTC</createdTime>
<generatorID>5DD74A94-7BE0-ABEB-4564-8528B48C5F91</generatorID>
<ownerDesignName>MODELO LOGICO SEMANA 5</ownerDesignName>
<referredTableLongName>ATENCION</referredTableLongName>
<deleteRule>NO ACTION</deleteRule>
<referredTableID>4335FE3C-3920-1403-5027-A99EE8640252</referredTableID>
<keyObject>154119FE-354D-4BF3-863C-AEB462F9E994</keyObject>
<referredKeyID>154119FE-354D-4BF3-863C-AEB462F9E994</referredKeyID>
<mandatory>true</mandatory>
<refColNames>id_atencion,PACIENTE_id_paciente,MEDICO_id_medico</refColNames>
<transferable>true</transferable>
<rely>false</rely>
<columnDependencyConstraintGenerateInDDL>true</columnDependencyConstraintGenerateInDDL>
</FKIndexAssociation>