<?xml version = '1.0' encoding = 'UTF-8'?>
<FKIndexAssociation class="oracle.dbtools.crest.model.design.relational.FKIndexAssociation" directorySegmentName="seg_0" id="F5CC65FF-42B8-8B44-4313-792D26A2EF8B" containerWithKeyObject="C5767ED3-1638-B0AD-E7ED-ECB6019DC02A" localFKIndex="7F260BBD-8CDE-B315-C6B5-A45FFD5CD475" name="MEDICO_SALUD_FK">
<createdBy>abdul</createdBy>
<createdTime>2025-09-14 21:55:42 UTC</createdTime>
<generatorID>EBBA4221-DEAC-FB03-C9EF-53D8301DD706</generatorID>
<ownerDesignName>MODELO LOGICO SEMANA 5</ownerDesignName>
<referredTableLongName>SALUD</referredTableLongName>
<deleteRule>NO ACTION</deleteRule>
<referredTableID>18951670-7C51-CED2-263D-B725BF69F7D2</referredTableID>
<keyObject>AE34935B-1948-0521-0800-84C0B8034CCD</keyObject>
<referredKeyID>AE34935B-1948-0521-0800-84C0B8034CCD</referredKeyID>
<mandatory>true</mandatory>
<refColNames>id_salud</refColNames>
<transferable>true</transferable>
<rely>false</rely>
<columnDependencyConstraintGenerateInDDL>true</columnDependencyConstraintGenerateInDDL>
</FKIndexAssociation>