<?xml version = '1.0' encoding = 'UTF-8'?>
<FKIndexAssociation class="oracle.dbtools.crest.model.design.relational.FKIndexAssociation" directorySegmentName="seg_0" id="FE4DA1D9-6447-35A2-B8C2-03BC654E290B" containerWithKeyObject="E3619686-AF05-A2AE-0490-0EEAAD70D655" localFKIndex="395B5267-2457-447A-562A-CD64EC8066BA" name="SOLICITUD_EXAMEN_EXAMEN_FK">
<createdBy>abdul</createdBy>
<createdTime>2025-09-14 21:55:42 UTC</createdTime>
<generatorID>81F9D390-D45B-B3A3-4D58-800930840240</generatorID>
<ownerDesignName>MODELO LOGICO SEMANA 5</ownerDesignName>
<referredTableLongName>EXAMEN</referredTableLongName>
<deleteRule>NO ACTION</deleteRule>
<referredTableID>752071C9-5699-76C7-65C1-6A32B0449EAA</referredTableID>
<keyObject>E8B5A0E6-B3B7-1FC8-8EEF-62BBF5964FF8</keyObject>
<referredKeyID>E8B5A0E6-B3B7-1FC8-8EEF-62BBF5964FF8</referredKeyID>
<mandatory>true</mandatory>
<refColNames>id_examen</refColNames>
<transferable>true</transferable>
<rely>false</rely>
<columnDependencyConstraintGenerateInDDL>true</columnDependencyConstraintGenerateInDDL>
</FKIndexAssociation>