<?xml version = '1.0' encoding = 'UTF-8'?>
<Arc class="oracle.dbtools.crest.model.design.logical.Arc" directorySegmentName="seg_0" id="979E0B13-1EB4-8751-C44C-E8852E9572B2" name="Arc_1">
<createdBy>abdul</createdBy>
<createdTime>2025-09-07 23:24:31 UTC</createdTime>
<ownerDesignName>ACTIVIDAD SEMANA 4</ownerDesignName>
<engineerTo>
<item key="16AB2027-D3AE-6734-90A0-D0C62600ED55" value="true"/>
</engineerTo>
<entity>27CD262F-5F7D-1AD4-B251-908CEFC61A91</entity>
<relations>
<relationID>89077892-E869-0065-9DA8-7CD72C4EBEE8</relationID>
<relationID>4FADC17F-6A4B-5F99-C436-8DAA2D319B31</relationID>
</relations>
</Arc>