<?xml version = '1.0' encoding = 'UTF-8'?>
<Relation class="oracle.dbtools.crest.model.design.logical.Relation" name="Relation_28" directorySegmentName="seg_0" id="2716C5CE-8871-CF91-431C-1239A86DF5BA">
<createdBy>abdul</createdBy>
<createdTime>2025-09-07 23:25:19 UTC</createdTime>
<ownerDesignName>ACTIVIDAD SEMANA 4</ownerDesignName>
<engineerTo>
<item key="16AB2027-D3AE-6734-90A0-D0C62600ED55" value="true"/>
</engineerTo>
<sourcePk>A3049F20-E2B3-CB13-215D-BF09849BED5F</sourcePk>
<identifying>false</identifying>
<optionalSource>true</optionalSource>
<optionalTarget>false</optionalTarget>
<sourceCardinality>1</sourceCardinality>
<sourceEntity>CFDE8D33-C329-885F-3A21-9865C53C15AA</sourceEntity>
<targetCardinalityString>*</targetCardinalityString>
<targetEntity>4BD14F50-EC08-EF5E-E819-C467270E31FA</targetEntity>
<transferable>true</transferable>
<deleteRule>NO ACTION</deleteRule>
</Relation>