<?xml version = '1.0' encoding = 'UTF-8'?>
<Relation class="oracle.dbtools.crest.model.design.logical.Relation" name="Relation_5" directorySegmentName="seg_0" id="42423E57-654C-62D9-65A6-3D583EC4BC19">
<createdBy>abdul</createdBy>
<createdTime>2025-09-07 22:18:19 UTC</createdTime>
<ownerDesignName>ACTIVIDAD SEMANA 4</ownerDesignName>
<engineerTo>
<item key="16AB2027-D3AE-6734-90A0-D0C62600ED55" value="true"/>
</engineerTo>
<sourcePk>ACC3D6C3-9F98-7D80-5210-263BD9D47B29</sourcePk>
<identifying>false</identifying>
<optionalSource>true</optionalSource>
<optionalTarget>false</optionalTarget>
<sourceCardinality>1</sourceCardinality>
<sourceEntity>03071140-D2C8-863C-47E5-786C48BE492B</sourceEntity>
<targetCardinalityString>*</targetCardinalityString>
<targetEntity>FB88A766-9EEF-9442-AF21-AF9C76FD9313</targetEntity>
<transferable>true</transferable>
<deleteRule>NO ACTION</deleteRule>
</Relation>