<?xml version = '1.0' encoding = 'UTF-8'?>
<Relation class="oracle.dbtools.crest.model.design.logical.Relation" name="Relation_7" directorySegmentName="seg_0" id="562C38FD-3D22-CD1A-5476-769A5A371ACC">
<createdBy>abdul</createdBy>
<createdTime>2025-09-07 22:22:41 UTC</createdTime>
<ownerDesignName>ACTIVIDAD SEMANA 4</ownerDesignName>
<engineerTo>
<item key="16AB2027-D3AE-6734-90A0-D0C62600ED55" value="true"/>
</engineerTo>
<sourcePk>B9399A09-2D83-33A8-68E5-48D2CEA3BB71</sourcePk>
<identifying>false</identifying>
<optionalSource>true</optionalSource>
<optionalTarget>false</optionalTarget>
<sourceCardinality>1</sourceCardinality>
<sourceEntity>4F3D523E-9006-1AED-EE0C-AEED206DFD2F</sourceEntity>
<targetCardinalityString>*</targetCardinalityString>
<targetEntity>FB88A766-9EEF-9442-AF21-AF9C76FD9313</targetEntity>
<transferable>true</transferable>
<deleteRule>NO ACTION</deleteRule>
</Relation>