<?xml version = '1.0' encoding = 'UTF-8'?>
<Relation class="oracle.dbtools.crest.model.design.logical.Relation" name="Relation_11" directorySegmentName="seg_0" id="566E118E-E29C-2EB9-3A83-44617DB335B7">
<createdBy>abdul</createdBy>
<createdTime>2025-09-07 23:07:47 UTC</createdTime>
<ownerDesignName>ACTIVIDAD SEMANA 4</ownerDesignName>
<engineerTo>
<item key="16AB2027-D3AE-6734-90A0-D0C62600ED55" value="true"/>
</engineerTo>
<sourcePk>EB49074C-77FA-A53B-E59A-8DF41B8A18F0</sourcePk>
<identifying>false</identifying>
<optionalSource>true</optionalSource>
<optionalTarget>false</optionalTarget>
<sourceCardinality>1</sourceCardinality>
<sourceEntity>FB88A766-9EEF-9442-AF21-AF9C76FD9313</sourceEntity>
<targetCardinalityString>*</targetCardinalityString>
<targetEntity>27CD262F-5F7D-1AD4-B251-908CEFC61A91</targetEntity>
<transferable>true</transferable>
<deleteRule>NO ACTION</deleteRule>
</Relation>