<?xml version = '1.0' encoding = 'UTF-8'?>
<Relation class="oracle.dbtools.crest.model.design.logical.Relation" name="Relation_12" directorySegmentName="seg_0" id="B1CA87EA-43DB-28BD-6297-A590541A1415">
<createdBy>abdul</createdBy>
<createdTime>2025-09-07 23:07:55 UTC</createdTime>
<ownerDesignName>ACTIVIDAD SEMANA 4</ownerDesignName>
<engineerTo>
<item key="16AB2027-D3AE-6734-90A0-D0C62600ED55" value="true"/>
</engineerTo>
<sourcePk>6306A68F-B9AA-CF41-AC99-B8528FDE3B12</sourcePk>
<identifying>false</identifying>
<optionalSource>true</optionalSource>
<optionalTarget>false</optionalTarget>
<sourceCardinality>1</sourceCardinality>
<sourceEntity>4B507A63-38DC-97A5-250C-7D08A179E0BE</sourceEntity>
<targetCardinalityString>*</targetCardinalityString>
<targetEntity>27CD262F-5F7D-1AD4-B251-908CEFC61A91</targetEntity>
<transferable>true</transferable>
<deleteRule>NO ACTION</deleteRule>
</Relation>