<?xml version = '1.0' encoding = 'UTF-8'?>
<Relation class="oracle.dbtools.crest.model.design.logical.Relation" name="Relation_10" directorySegmentName="seg_0" id="B9525EE4-C1CB-A28A-0642-BF46C6B50DBF">
<createdBy>abdul</createdBy>
<createdTime>2025-09-07 22:52:03 UTC</createdTime>
<ownerDesignName>ACTIVIDAD SEMANA 4</ownerDesignName>
<engineerTo>
<item key="16AB2027-D3AE-6734-90A0-D0C62600ED55" value="true"/>
</engineerTo>
<sourcePk>333C1B05-2E57-C74F-ECF9-1CD25E685DFC</sourcePk>
<identifying>false</identifying>
<optionalSource>true</optionalSource>
<optionalTarget>false</optionalTarget>
<sourceCardinality>1</sourceCardinality>
<sourceEntity>F3E8D022-F6B3-F9F5-8209-955780646FB1</sourceEntity>
<targetCardinalityString>*</targetCardinalityString>
<targetEntity>4B507A63-38DC-97A5-250C-7D08A179E0BE</targetEntity>
<transferable>true</transferable>
<deleteRule>NO ACTION</deleteRule>
</Relation>