<?xml version = '1.0' encoding = 'UTF-8'?>
<Relation class="oracle.dbtools.crest.model.design.logical.Relation" name="Relation_9" directorySegmentName="seg_0" id="BC97207C-C2E5-EF35-71D2-5898A540DF89">
<createdBy>abdul</createdBy>
<createdTime>2025-09-07 22:46:23 UTC</createdTime>
<ownerDesignName>ACTIVIDAD SEMANA 4</ownerDesignName>
<engineerTo>
<item key="16AB2027-D3AE-6734-90A0-D0C62600ED55" value="true"/>
</engineerTo>
<sourcePk>A2E86C10-E468-F5F3-971A-2DE5F351201F</sourcePk>
<identifying>false</identifying>
<optionalSource>true</optionalSource>
<optionalTarget>false</optionalTarget>
<sourceCardinality>1</sourceCardinality>
<sourceEntity>9D9E86C0-3AE4-5BF8-6AAA-F4517132F186</sourceEntity>
<targetCardinalityString>*</targetCardinalityString>
<targetEntity>F3E8D022-F6B3-F9F5-8209-955780646FB1</targetEntity>
<transferable>true</transferable>
<deleteRule>NO ACTION</deleteRule>
</Relation>