<?xml version = '1.0' encoding = 'UTF-8'?>
<Relation class="oracle.dbtools.crest.model.design.logical.Relation" name="Relation_20" directorySegmentName="seg_0" id="D4BFD423-5923-B91C-B497-A89335D5CDA2">
<createdBy>abdul</createdBy>
<createdTime>2025-09-07 23:18:51 UTC</createdTime>
<ownerDesignName>ACTIVIDAD SEMANA 4</ownerDesignName>
<engineerTo>
<item key="16AB2027-D3AE-6734-90A0-D0C62600ED55" value="true"/>
</engineerTo>
<sourcePk>3B2154CD-1902-05F6-79E6-6B43D2B648B4</sourcePk>
<identifying>false</identifying>
<optionalSource>true</optionalSource>
<optionalTarget>false</optionalTarget>
<sourceCardinality>1</sourceCardinality>
<sourceEntity>9148B129-15F5-022C-52F1-54C45E921A65</sourceEntity>
<targetCardinalityString>*</targetCardinalityString>
<targetEntity>4BD14F50-EC08-EF5E-E819-C467270E31FA</targetEntity>
<transferable>true</transferable>
<deleteRule>NO ACTION</deleteRule>
</Relation>