<?xml version = '1.0' encoding = 'UTF-8'?>
<Relation class="oracle.dbtools.crest.model.design.logical.Relation" name="Relation_4" directorySegmentName="seg_0" id="DED75B8C-E28E-F6B9-0793-330DE8C54FDB">
<createdBy>abdul</createdBy>
<createdTime>2025-09-07 22:17:22 UTC</createdTime>
<ownerDesignName>ACTIVIDAD SEMANA 4</ownerDesignName>
<engineerTo>
<item key="16AB2027-D3AE-6734-90A0-D0C62600ED55" value="true"/>
</engineerTo>
<sourcePk>CADD60B2-43DD-EC01-AE47-642F91F7F234</sourcePk>
<identifying>false</identifying>
<optionalSource>true</optionalSource>
<optionalTarget>false</optionalTarget>
<sourceCardinality>1</sourceCardinality>
<sourceEntity>692C556D-3696-1359-0A4F-3E31C94A6C64</sourceEntity>
<targetCardinalityString>*</targetCardinalityString>
<targetEntity>FB88A766-9EEF-9442-AF21-AF9C76FD9313</targetEntity>
<transferable>true</transferable>
<deleteRule>NO ACTION</deleteRule>
</Relation>