<?xml version = '1.0' encoding = 'UTF-8'?>
<Relation class="oracle.dbtools.crest.model.design.logical.Relation" name="Relation_8" directorySegmentName="seg_0" id="E9918A9D-E6D7-D244-1854-EE494B58CD6A">
<createdBy>abdul</createdBy>
<createdTime>2025-09-07 22:30:46 UTC</createdTime>
<comment><![CDATA[Máximo 2 profesiones por postulante]]></comment>
<ownerDesignName>ACTIVIDAD SEMANA 4</ownerDesignName>
<engineerTo>
<item key="16AB2027-D3AE-6734-90A0-D0C62600ED55" value="true"/>
</engineerTo>
<sourcePk>EB49074C-77FA-A53B-E59A-8DF41B8A18F0</sourcePk>
<identifying>false</identifying>
<optionalSource>false</optionalSource>
<optionalTarget>false</optionalTarget>
<sourceCardinality>1</sourceCardinality>
<sourceEntity>FB88A766-9EEF-9442-AF21-AF9C76FD9313</sourceEntity>
<targetCardinalityString>*</targetCardinalityString>
<targetEntity>1FE421B5-6CFF-88E9-85B1-59CC022031E8</targetEntity>
<transferable>true</transferable>
<deleteRule>NO ACTION</deleteRule>
</Relation>