<?xml version = '1.0' encoding = 'UTF-8'?>
<Table class="oracle.dbtools.crest.model.design.relational.Table" directorySegmentName="seg_0" id="18951670-7C51-CED2-263D-B725BF69F7D2" name="SISTEMA_SALUD">
<createdBy>abdul</createdBy>
<createdTime>2025-09-14 21:55:42 UTC</createdTime>
<generatorID>35388DC6-1AA2-DEF5-B3DD-83C17E2DA356</generatorID>
<ownerDesignName>MODELO LOGICO SEMANA 5</ownerDesignName>
<allowColumnReorder>false</allowColumnReorder>
<existDependencyGenerateInDDl>true</existDependencyGenerateInDDl>
<parsed>true</parsed>
<columns itemClass="oracle.dbtools.crest.model.design.relational.Column">
<Column name="id_salud" id="AD67140B-C8B4-56B8-0604-217D5AFA169D">
<createdBy>abdul</createdBy>
<createdTime>2025-09-14 21:55:42 UTC</createdTime>
<generatorID>41D9EA4D-58F8-3269-0978-99F7AA51BC81</generatorID>
<ownerDesignName>MODELO LOGICO SEMANA 5</ownerDesignName>
<useDomainConstraints>false</useDomainConstraints>
<use>1</use>
<logicalDatatype>LOGDT019</logicalDatatype>
<ownDataTypeParameters>,,</ownDataTypeParameters>
<autoIncrementCycle>false</autoIncrementCycle>
</Column>
<Column name="nombre" id="389B8106-07AC-F5DA-BCBC-340460EA7676">
<createdBy>abdul</createdBy>
<createdTime>2025-09-14 21:55:42 UTC</createdTime>
<generatorID>D298AE04-167B-5E9D-C9E3-2E6CCD0E293E</generatorID>
<ownerDesignName>MODELO LOGICO SEMANA 5</ownerDesignName>
<constraintName>CK_SISTEMA_SALUD_NOMBRE</constraintName>
<useDomainConstraints>false</useDomainConstraints>
<use>1</use>
<logicalDatatype>LOGDT024</logicalDatatype>
<dataTypeSize>10</dataTypeSize>
<listOfValues>
<valueDef value="&apos;FONASA&apos;" description=""/>
<valueDef value="&apos;ISAPRE&apos;&quot;" description=""/>
</listOfValues>
<ownDataTypeParameters>10,,</ownDataTypeParameters>
<autoIncrementCycle>false</autoIncrementCycle>
</Column>
</columns>
<indexes itemClass="oracle.dbtools.crest.model.design.relational.Index">
<ind_PK_UK id="AE34935B-1948-0521-0800-84C0B8034CCD" name="SALUD_PK">
<createdBy>abdul</createdBy>
<createdTime>2025-09-14 21:55:42 UTC</createdTime>
<generatorID>E8794F1C-79A5-45FA-36AF-9F0BD7754203</generatorID>
<ownerDesignName>MODELO LOGICO SEMANA 5</ownerDesignName>
<pk>true</pk>
<indexState>Primary Constraint</indexState>
<isSurrogateKey>false</isSurrogateKey>
<indexColumnUsage>
<colUsage columnID="AD67140B-C8B4-56B8-0604-217D5AFA169D"/>
</indexColumnUsage>
</ind_PK_UK>
<ind_PK_UK id="8E473DC7-D3EA-1310-591F-519393FCA1E3" name="SALUD_nombre_UN">
<createdBy>abdul</createdBy>
<createdTime>2025-09-14 21:55:42 UTC</createdTime>
<generatorID>6DA74BEF-9574-8332-8AE0-4525C503B681</generatorID>
<ownerDesignName>MODELO LOGICO SEMANA 5</ownerDesignName>
<indexState>Unique Constraint</indexState>
<isSurrogateKey>false</isSurrogateKey>
<indexColumnUsage>
<colUsage columnID="389B8106-07AC-F5DA-BCBC-340460EA7676"/>
</indexColumnUsage>
</ind_PK_UK>
</indexes>
</Table>