<?xml version = '1.0' encoding = 'UTF-8'?>
<Table class="oracle.dbtools.crest.model.design.relational.Table" directorySegmentName="seg_0" id="1E1130BC-74E8-1392-05FC-630615545F65" name="TIPO_ATENCION">
<createdBy>abdul</createdBy>
<createdTime>2025-09-14 21:55:42 UTC</createdTime>
<generatorID>7027BD6E-CBB5-D82F-8C69-A16AE1DB3428</generatorID>
<ownerDesignName>MODELO LOGICO SEMANA 5</ownerDesignName>
<allowColumnReorder>false</allowColumnReorder>
<existDependencyGenerateInDDl>true</existDependencyGenerateInDDl>
<parsed>true</parsed>
<columns itemClass="oracle.dbtools.crest.model.design.relational.Column">
<Column name="id_tip_atencion" id="AE44D5D7-A600-BBDF-4234-799642F0B02A">
<createdBy>abdul</createdBy>
<createdTime>2025-09-14 21:55:42 UTC</createdTime>
<generatorID>2969E5EF-FF5E-3BA3-146C-7166E242A1AF</generatorID>
<ownerDesignName>MODELO LOGICO SEMANA 5</ownerDesignName>
<useDomainConstraints>false</useDomainConstraints>
<use>1</use>
<logicalDatatype>LOGDT019</logicalDatatype>
<ownDataTypeParameters>,,</ownDataTypeParameters>
<autoIncrementCycle>false</autoIncrementCycle>
</Column>
<Column name="nombre" id="51AAEDD5-FC52-CCEF-D93E-22CBAFA92FAE">
<createdBy>abdul</createdBy>
<createdTime>2025-09-14 21:55:42 UTC</createdTime>
<generatorID>4AFD7D52-5C65-1BB5-50DE-20064E601ED9</generatorID>
<ownerDesignName>MODELO LOGICO SEMANA 5</ownerDesignName>
<constraintName>CK_TIPO_ATENCION_NOMBRE</constraintName>
<useDomainConstraints>false</useDomainConstraints>
<use>1</use>
<logicalDatatype>LOGDT024</logicalDatatype>
<dataTypeSize>10</dataTypeSize>
<listOfValues>
<valueDef value="&apos;GENERAL&apos;" description=""/>
<valueDef value="&apos;PREVENTIVA&apos;" description=""/>
<valueDef value="&apos;URGENCIA&apos;" description=""/>
</listOfValues>
<ownDataTypeParameters>10,,</ownDataTypeParameters>
<autoIncrementCycle>false</autoIncrementCycle>
</Column>
</columns>
<indexes itemClass="oracle.dbtools.crest.model.design.relational.Index">
<ind_PK_UK id="E8D2E4BB-CCC8-5506-EC35-CDA233F83A4B" name="TIPO_ATENCION_PK">
<createdBy>abdul</createdBy>
<createdTime>2025-09-14 21:55:42 UTC</createdTime>
<generatorID>FB9902EF-03E0-4180-C3ED-0BC320A96820</generatorID>
<ownerDesignName>MODELO LOGICO SEMANA 5</ownerDesignName>
<pk>true</pk>
<indexState>Primary Constraint</indexState>
<isSurrogateKey>false</isSurrogateKey>
<indexColumnUsage>
<colUsage columnID="AE44D5D7-A600-BBDF-4234-799642F0B02A"/>
</indexColumnUsage>
</ind_PK_UK>
<ind_PK_UK id="6E5B751D-A972-25CF-B6EF-E88AAFAA6378" name="TIPO_ATENCION_nombre_UN">
<createdBy>abdul</createdBy>
<createdTime>2025-09-14 21:55:42 UTC</createdTime>
<generatorID>C1C0DCA2-FB55-1B93-2333-877FA762A7FF</generatorID>
<ownerDesignName>MODELO LOGICO SEMANA 5</ownerDesignName>
<indexState>Unique Constraint</indexState>
<isSurrogateKey>false</isSurrogateKey>
<indexColumnUsage>
<colUsage columnID="51AAEDD5-FC52-CCEF-D93E-22CBAFA92FAE"/>
</indexColumnUsage>
</ind_PK_UK>
</indexes>
</Table>