<?xml version = '1.0' encoding = 'UTF-8'?>
<Table class="oracle.dbtools.crest.model.design.relational.Table" directorySegmentName="seg_0" id="2AA0FBB5-4551-2C08-08D5-E0E68D7CF5AC" name="SEXO">
<createdBy>abdul</createdBy>
<createdTime>2025-09-14 21:55:42 UTC</createdTime>
<generatorID>B7900F61-6383-6177-138A-172054A36975</generatorID>
<ownerDesignName>MODELO LOGICO SEMANA 5</ownerDesignName>
<allowColumnReorder>false</allowColumnReorder>
<existDependencyGenerateInDDl>true</existDependencyGenerateInDDl>
<parsed>true</parsed>
<columns itemClass="oracle.dbtools.crest.model.design.relational.Column">
<Column name="id_sexo" id="3810C498-9C34-1E08-9292-3F4837DA7A61">
<createdBy>abdul</createdBy>
<createdTime>2025-09-14 21:55:42 UTC</createdTime>
<generatorID>75D013BB-E0D9-8D06-93FB-FE218938829A</generatorID>
<ownerDesignName>MODELO LOGICO SEMANA 5</ownerDesignName>
<useDomainConstraints>false</useDomainConstraints>
<use>1</use>
<logicalDatatype>LOGDT019</logicalDatatype>
<ownDataTypeParameters>,,</ownDataTypeParameters>
<autoIncrementCycle>false</autoIncrementCycle>
</Column>
<Column name="nombre" id="214EF8DF-6ECA-7B9C-1DC6-6EF07BE947AB">
<createdBy>abdul</createdBy>
<createdTime>2025-09-14 21:55:42 UTC</createdTime>
<generatorID>DBE747D9-3C11-627C-D838-725714825E8E</generatorID>
<ownerDesignName>MODELO LOGICO SEMANA 5</ownerDesignName>
<constraintName>CK_SEXO_NOMBRE</constraintName>
<useDomainConstraints>false</useDomainConstraints>
<use>1</use>
<logicalDatatype>LOGDT024</logicalDatatype>
<dataTypeSize>15</dataTypeSize>
<listOfValues>
<valueDef value="&apos;FEMENINO&apos;" description=""/>
<valueDef value="&apos;MASCULINO&apos;" description=""/>
<valueDef value="&apos;OTRO&apos;" description=""/>
</listOfValues>
<ownDataTypeParameters>15,,</ownDataTypeParameters>
<autoIncrementCycle>false</autoIncrementCycle>
</Column>
</columns>
<indexes itemClass="oracle.dbtools.crest.model.design.relational.Index">
<ind_PK_UK id="706501D6-8FEE-FA19-5689-22003612BCEB" name="SEXO_PK">
<createdBy>abdul</createdBy>
<createdTime>2025-09-14 21:55:42 UTC</createdTime>
<generatorID>1C011610-534A-F17A-B34B-3F290E6F9404</generatorID>
<ownerDesignName>MODELO LOGICO SEMANA 5</ownerDesignName>
<pk>true</pk>
<indexState>Primary Constraint</indexState>
<isSurrogateKey>false</isSurrogateKey>
<indexColumnUsage>
<colUsage columnID="3810C498-9C34-1E08-9292-3F4837DA7A61"/>
</indexColumnUsage>
</ind_PK_UK>
<ind_PK_UK id="25F1BC9E-1D1F-C748-DB5B-7E0B2E5E92E6" name="SEXO_nombre_UN">
<createdBy>abdul</createdBy>
<createdTime>2025-09-14 21:55:42 UTC</createdTime>
<generatorID>87B18A33-5951-A746-7372-78CC4F4FB33D</generatorID>
<ownerDesignName>MODELO LOGICO SEMANA 5</ownerDesignName>
<indexState>Unique Constraint</indexState>
<isSurrogateKey>false</isSurrogateKey>
<indexColumnUsage>
<colUsage columnID="214EF8DF-6ECA-7B9C-1DC6-6EF07BE947AB"/>
</indexColumnUsage>
</ind_PK_UK>
</indexes>
</Table>