<?xml version = '1.0' encoding = 'UTF-8'?>
<Table class="oracle.dbtools.crest.model.design.relational.Table" directorySegmentName="seg_0" id="4335FE3C-3920-1403-5027-A99EE8640252" name="ATENCION">
<createdBy>abdul</createdBy>
<createdTime>2025-09-14 21:55:42 UTC</createdTime>
<generatorID>81EC5897-D27E-29D6-C1FB-B5988A60C94F</generatorID>
<ownerDesignName>MODELO LOGICO SEMANA 5</ownerDesignName>
<allowColumnReorder>false</allowColumnReorder>
<existDependencyGenerateInDDl>true</existDependencyGenerateInDDl>
<parsed>true</parsed>
<columns itemClass="oracle.dbtools.crest.model.design.relational.Column">
<Column name="id_atencion" id="36304A2C-A04A-4ADA-5009-3C45132816F5">
<createdBy>abdul</createdBy>
<createdTime>2025-09-14 21:55:42 UTC</createdTime>
<generatorID>231745CA-6D62-5218-7ABA-713D3C9413F1</generatorID>
<ownerDesignName>MODELO LOGICO SEMANA 5</ownerDesignName>
<useDomainConstraints>false</useDomainConstraints>
<use>1</use>
<logicalDatatype>LOGDT019</logicalDatatype>
<ownDataTypeParameters>,,</ownDataTypeParameters>
<autoIncrementCycle>false</autoIncrementCycle>
</Column>
<Column name="fecha_atencion" id="51D97027-2D7E-AD8E-BD4F-6891ED0D9044">
<createdBy>abdul</createdBy>
<createdTime>2025-09-14 21:55:42 UTC</createdTime>
<generatorID>88E8A7FA-4EC9-E9CC-5724-09B29279E8B3</generatorID>
<ownerDesignName>MODELO LOGICO SEMANA 5</ownerDesignName>
<useDomainConstraints>false</useDomainConstraints>
<use>1</use>
<logicalDatatype>LOGDT007</logicalDatatype>
<ownDataTypeParameters>,,</ownDataTypeParameters>
<autoIncrementCycle>false</autoIncrementCycle>
</Column>
<Column name="diagnostico" id="41255239-FDB0-BB96-0F1B-1A3E710BCFC6">
<createdBy>abdul</createdBy>
<createdTime>2025-09-14 21:55:42 UTC</createdTime>
<generatorID>65EF78EE-4A56-B22A-6FAD-7B7FD088CE39</generatorID>
<ownerDesignName>MODELO LOGICO SEMANA 5</ownerDesignName>
<useDomainConstraints>false</useDomainConstraints>
<use>1</use>
<logicalDatatype>LOGDT024</logicalDatatype>
<dataTypeSize>200</dataTypeSize>
<ownDataTypeParameters>200,,</ownDataTypeParameters>
<autoIncrementCycle>false</autoIncrementCycle>
</Column>
<Column name="TIPO_ATENCION_id_tip_atencion" id="D774C58E-84B5-E395-5A3F-54E954D04F06">
<createdBy>abdul</createdBy>
<createdTime>2025-09-14 21:55:42 UTC</createdTime>
<generatorID>1823BB75-C633-5C59-7078-FA2D2AEAA555</generatorID>
<ownerDesignName>MODELO LOGICO SEMANA 5</ownerDesignName>
<useDomainConstraints>false</useDomainConstraints>
<use>1</use>
<logicalDatatype>LOGDT019</logicalDatatype>
<ownDataTypeParameters>,,</ownDataTypeParameters>
<previousColumn>false</previousColumn>
<autoIncrementCycle>false</autoIncrementCycle>
<associations>
<colAssociation fkAssociation="7E6560C3-6587-8AC6-C91F-98DB98182467" referredColumn="AE44D5D7-A600-BBDF-4234-799642F0B02A"/>
</associations>
</Column>
<Column name="PACIENTE_id_paciente" id="A8ECD08C-3EFC-2ADE-4DB7-16D6E2E67ED7">
<createdBy>abdul</createdBy>
<createdTime>2025-09-14 21:55:42 UTC</createdTime>
<generatorID>485AF2F2-75F1-81D6-0E99-F4336FEF25BE</generatorID>
<ownerDesignName>MODELO LOGICO SEMANA 5</ownerDesignName>
<useDomainConstraints>false</useDomainConstraints>
<use>1</use>
<logicalDatatype>LOGDT019</logicalDatatype>
<ownDataTypeParameters>,,</ownDataTypeParameters>
<previousColumn>false</previousColumn>
<autoIncrementCycle>false</autoIncrementCycle>
<associations>
<colAssociation fkAssociation="2AA09A91-DBB7-287F-1D0E-93D65388A17C" referredColumn="73A36302-E677-5AEA-3C85-280F17EE008D"/>
</associations>
</Column>
<Column name="MEDICO_id_medico" id="586E974B-AB96-92EA-0057-275577B0A8BA">
<createdBy>abdul</createdBy>
<createdTime>2025-09-14 21:55:42 UTC</createdTime>
<generatorID>D05F1E7F-DA81-8BE0-890F-643D986B5843</generatorID>
<ownerDesignName>MODELO LOGICO SEMANA 5</ownerDesignName>
<useDomainConstraints>false</useDomainConstraints>
<use>1</use>
<logicalDatatype>LOGDT019</logicalDatatype>
<ownDataTypeParameters>,,</ownDataTypeParameters>
<previousColumn>false</previousColumn>
<autoIncrementCycle>false</autoIncrementCycle>
<associations>
<colAssociation fkAssociation="281CC485-7B78-1FEA-5386-85B48995AA82" referredColumn="25F40702-53DC-6F32-3714-CD81078E36BE"/>
</associations>
</Column>
<Column name="PAGO_id_pago" id="259C297C-2011-6C99-3D1F-2891AA7AE86A">
<createdBy>abdul</createdBy>
<createdTime>2025-09-14 21:55:42 UTC</createdTime>
<generatorID>68A4F9F3-A851-1201-F737-C87E5BCD4049</generatorID>
<ownerDesignName>MODELO LOGICO SEMANA 5</ownerDesignName>
<useDomainConstraints>false</useDomainConstraints>
<use>1</use>
<logicalDatatype>LOGDT019</logicalDatatype>
<ownDataTypeParameters>,,</ownDataTypeParameters>
<previousColumn>false</previousColumn>
<autoIncrementCycle>false</autoIncrementCycle>
<associations>
<colAssociation fkAssociation="706D4826-FEAD-8D91-F2BA-591A87292170" referredColumn="C590114E-1CC7-2638-18B6-839DCB0CDEE9"/>
</associations>
</Column>
</columns>
<indexes itemClass="oracle.dbtools.crest.model.design.relational.Index">
<ind_PK_UK id="154119FE-354D-4BF3-863C-AEB462F9E994" name="ATENCION_PK">
<createdBy>abdul</createdBy>
<createdTime>2025-09-14 21:55:42 UTC</createdTime>
<generatorID>134C2DE9-266C-90A0-86F2-4EDD7B60C5F3</generatorID>
<ownerDesignName>MODELO LOGICO SEMANA 5</ownerDesignName>
<pk>true</pk>
<indexState>Primary Constraint</indexState>
<isSurrogateKey>false</isSurrogateKey>
<indexColumnUsage>
<colUsage columnID="36304A2C-A04A-4ADA-5009-3C45132816F5"/>
</indexColumnUsage>
</ind_PK_UK>
<ind_PK_UK id="7A153612-D3BF-05A6-7EBA-B6B45652EBBF" name="ATENCION__IDX">
<createdBy>abdul</createdBy>
<createdTime>2025-09-14 21:55:42 UTC</createdTime>
<ownerDesignName>MODELO LOGICO SEMANA 5</ownerDesignName>
<indexState>Unique Plain Index</indexState>
<isSurrogateKey>false</isSurrogateKey>
<relationGeneratorID>EBBD294D-3EC9-6C63-FD26-9DA93FE21E5E</relationGeneratorID>
<indexColumnUsage>
<colUsage columnID="259C297C-2011-6C99-3D1F-2891AA7AE86A"/>
</indexColumnUsage>
</ind_PK_UK>
<ind_PK_UK id="1AC843CE-61FC-BDC2-1746-2087E391C766" name="ATENCION_TIPO_ATENCION_FK">
<createdBy>abdul</createdBy>
<createdTime>2025-09-14 21:55:42 UTC</createdTime>
<generatorID>5A9743B0-068E-E2B6-DFFF-55E42DEEC6EA</generatorID>
<ownerDesignName>MODELO LOGICO SEMANA 5</ownerDesignName>
<indexState>Foreign Key</indexState>
<isSurrogateKey>false</isSurrogateKey>
<indexColumnUsage>
<colUsage columnID="D774C58E-84B5-E395-5A3F-54E954D04F06"/>
</indexColumnUsage>
</ind_PK_UK>
<ind_PK_UK id="FFD939BA-127B-02DC-F6FF-0E6B5FB1A555" name="ATENCION_PACIENTE_FK">
<createdBy>abdul</createdBy>
<createdTime>2025-09-14 21:55:42 UTC</createdTime>
<generatorID>F03546EE-DEB0-4B18-E361-1C1ED6001585</generatorID>
<ownerDesignName>MODELO LOGICO SEMANA 5</ownerDesignName>
<indexState>Foreign Key</indexState>
<isSurrogateKey>false</isSurrogateKey>
<indexColumnUsage>
<colUsage columnID="A8ECD08C-3EFC-2ADE-4DB7-16D6E2E67ED7"/>
</indexColumnUsage>
</ind_PK_UK>
<ind_PK_UK id="FD9B8CB1-DA53-1801-ACF6-C54AED01540C" name="ATENCION_MEDICO_FK">
<createdBy>abdul</createdBy>
<createdTime>2025-09-14 21:55:42 UTC</createdTime>
<generatorID>608DDBB6-F246-1E94-58A5-784B4DD75CFB</generatorID>
<ownerDesignName>MODELO LOGICO SEMANA 5</ownerDesignName>
<indexState>Foreign Key</indexState>
<isSurrogateKey>false</isSurrogateKey>
<indexColumnUsage>
<colUsage columnID="586E974B-AB96-92EA-0057-275577B0A8BA"/>
</indexColumnUsage>
</ind_PK_UK>
<ind_PK_UK id="A14A7683-E671-1084-40B3-CED5F0FC6631" name="ATENCION_PAGO_FK">
<createdBy>abdul</createdBy>
<createdTime>2025-09-14 21:55:42 UTC</createdTime>
<generatorID>EBBD294D-3EC9-6C63-FD26-9DA93FE21E5E</generatorID>
<ownerDesignName>MODELO LOGICO SEMANA 5</ownerDesignName>
<indexState>Foreign Key</indexState>
<isSurrogateKey>false</isSurrogateKey>
<indexColumnUsage>
<colUsage columnID="259C297C-2011-6C99-3D1F-2891AA7AE86A"/>
</indexColumnUsage>
</ind_PK_UK>
</indexes>
</Table>