<?xml version = '1.0' encoding = 'UTF-8'?>
<Table class="oracle.dbtools.crest.model.design.relational.Table" directorySegmentName="seg_0" id="5DF0A260-602D-9129-4591-79D88D619AE8" name="COMUNA">
<createdBy>abdul</createdBy>
<createdTime>2025-09-14 21:55:42 UTC</createdTime>
<generatorID>1CDD918E-B31A-5DBB-ADC0-738642AE14B6</generatorID>
<ownerDesignName>MODELO LOGICO SEMANA 5</ownerDesignName>
<allowColumnReorder>false</allowColumnReorder>
<existDependencyGenerateInDDl>true</existDependencyGenerateInDDl>
<parsed>true</parsed>
<columns itemClass="oracle.dbtools.crest.model.design.relational.Column">
<Column name="id_comuna" id="C29F1DE4-410B-54B0-00D4-D379A5D77C6B">
<createdBy>abdul</createdBy>
<createdTime>2025-09-14 21:55:42 UTC</createdTime>
<generatorID>0C1C8311-D055-03C7-4C77-04DDD77A3D77</generatorID>
<ownerDesignName>MODELO LOGICO SEMANA 5</ownerDesignName>
<useDomainConstraints>false</useDomainConstraints>
<use>1</use>
<logicalDatatype>LOGDT019</logicalDatatype>
<ownDataTypeParameters>,,</ownDataTypeParameters>
<autoIncrementCycle>false</autoIncrementCycle>
</Column>
<Column name="nombre" id="579F06FD-4780-A13E-9731-BA475267CCC7">
<createdBy>abdul</createdBy>
<createdTime>2025-09-14 21:55:42 UTC</createdTime>
<generatorID>3821728E-3207-D693-CDC1-C1A0599377A3</generatorID>
<ownerDesignName>MODELO LOGICO SEMANA 5</ownerDesignName>
<useDomainConstraints>false</useDomainConstraints>
<use>1</use>
<logicalDatatype>LOGDT024</logicalDatatype>
<dataTypeSize>50</dataTypeSize>
<ownDataTypeParameters>50,,</ownDataTypeParameters>
<autoIncrementCycle>false</autoIncrementCycle>
</Column>
<Column name="REGION_id_region" id="49E4C67B-205D-100A-6DE6-9165C2FC84D4">
<createdBy>abdul</createdBy>
<createdTime>2025-09-14 21:55:42 UTC</createdTime>
<generatorID>1B7CD3EF-3920-6730-C112-7154FFD4DB1D</generatorID>
<ownerDesignName>MODELO LOGICO SEMANA 5</ownerDesignName>
<useDomainConstraints>false</useDomainConstraints>
<use>1</use>
<logicalDatatype>LOGDT019</logicalDatatype>
<ownDataTypeParameters>,,</ownDataTypeParameters>
<previousColumn>false</previousColumn>
<autoIncrementCycle>false</autoIncrementCycle>
<associations>
<colAssociation fkAssociation="2093B5C8-D012-4DD2-DFA4-F7C897A92258" referredColumn="340E1AD2-DEBF-2FB9-D27A-017687FA3E5E"/>
</associations>
</Column>
</columns>
<indexes itemClass="oracle.dbtools.crest.model.design.relational.Index">
<ind_PK_UK id="2468697A-30F9-4D97-EB9E-1AA1C95042AE" name="COMUNA_PK">
<createdBy>abdul</createdBy>
<createdTime>2025-09-14 21:55:42 UTC</createdTime>
<generatorID>EA63E0A5-CC7A-8DBD-E295-4A4626614FC5</generatorID>
<ownerDesignName>MODELO LOGICO SEMANA 5</ownerDesignName>
<pk>true</pk>
<indexState>Primary Constraint</indexState>
<isSurrogateKey>false</isSurrogateKey>
<indexColumnUsage>
<colUsage columnID="C29F1DE4-410B-54B0-00D4-D379A5D77C6B"/>
</indexColumnUsage>
</ind_PK_UK>
<ind_PK_UK id="48D1680F-445F-884B-D050-225E5FE170C7" name="COMUNA_REGION_FK">
<createdBy>abdul</createdBy>
<createdTime>2025-09-14 21:55:42 UTC</createdTime>
<generatorID>B2002AEF-07C3-0DAD-B579-A6651A69787C</generatorID>
<ownerDesignName>MODELO LOGICO SEMANA 5</ownerDesignName>
<indexState>Foreign Key</indexState>
<isSurrogateKey>false</isSurrogateKey>
<indexColumnUsage>
<colUsage columnID="49E4C67B-205D-100A-6DE6-9165C2FC84D4"/>
</indexColumnUsage>
</ind_PK_UK>
</indexes>
</Table>