<?xml version = '1.0' encoding = 'UTF-8'?>
<Table class="oracle.dbtools.crest.model.design.relational.Table" directorySegmentName="seg_0" id="706DB7C0-5347-28FC-F4A7-F9BDBCCAF057" name="REGION">
<createdBy>abdul</createdBy>
<createdTime>2025-09-14 21:55:42 UTC</createdTime>
<generatorID>69356286-32E9-623F-A32B-1DEE24CF7D11</generatorID>
<ownerDesignName>MODELO LOGICO SEMANA 5</ownerDesignName>
<allowColumnReorder>false</allowColumnReorder>
<existDependencyGenerateInDDl>true</existDependencyGenerateInDDl>
<parsed>true</parsed>
<columns itemClass="oracle.dbtools.crest.model.design.relational.Column">
<Column name="id_region" id="340E1AD2-DEBF-2FB9-D27A-017687FA3E5E">
<createdBy>abdul</createdBy>
<createdTime>2025-09-14 21:55:42 UTC</createdTime>
<generatorID>7B8034FA-1997-7D9B-69D9-33393B1C5C13</generatorID>
<ownerDesignName>MODELO LOGICO SEMANA 5</ownerDesignName>
<useDomainConstraints>false</useDomainConstraints>
<use>1</use>
<logicalDatatype>LOGDT019</logicalDatatype>
<ownDataTypeParameters>,,</ownDataTypeParameters>
<autoIncrementCycle>false</autoIncrementCycle>
</Column>
<Column name="nombre" id="1945D6E2-5DEC-8541-8C2D-0D340BC514A6">
<createdBy>abdul</createdBy>
<createdTime>2025-09-14 21:55:42 UTC</createdTime>
<generatorID>07049CB2-86B8-B388-12F7-954902A4B7D2</generatorID>
<ownerDesignName>MODELO LOGICO SEMANA 5</ownerDesignName>
<useDomainConstraints>false</useDomainConstraints>
<use>1</use>
<logicalDatatype>LOGDT024</logicalDatatype>
<dataTypeSize>30</dataTypeSize>
<ownDataTypeParameters>30,,</ownDataTypeParameters>
<autoIncrementCycle>false</autoIncrementCycle>
</Column>
</columns>
<indexes itemClass="oracle.dbtools.crest.model.design.relational.Index">
<ind_PK_UK id="48BCD25E-9836-A5D1-415A-51E5FCE75303" name="REGION_PK">
<createdBy>abdul</createdBy>
<createdTime>2025-09-14 21:55:42 UTC</createdTime>
<generatorID>1938163E-E46A-E758-109D-B9DCD9A6A83D</generatorID>
<ownerDesignName>MODELO LOGICO SEMANA 5</ownerDesignName>
<pk>true</pk>
<indexState>Primary Constraint</indexState>
<isSurrogateKey>false</isSurrogateKey>
<indexColumnUsage>
<colUsage columnID="340E1AD2-DEBF-2FB9-D27A-017687FA3E5E"/>
</indexColumnUsage>
</ind_PK_UK>
<ind_PK_UK id="65986362-E999-CC31-E864-7D0FB68222D0" name="REGION_nombre_UN">
<createdBy>abdul</createdBy>
<createdTime>2025-09-14 21:55:42 UTC</createdTime>
<generatorID>254B560A-033B-D635-CDF9-D5A5CBD1E61B</generatorID>
<ownerDesignName>MODELO LOGICO SEMANA 5</ownerDesignName>
<indexState>Unique Constraint</indexState>
<isSurrogateKey>false</isSurrogateKey>
<indexColumnUsage>
<colUsage columnID="1945D6E2-5DEC-8541-8C2D-0D340BC514A6"/>
</indexColumnUsage>
</ind_PK_UK>
</indexes>
</Table>