<?xml version = '1.0' encoding = 'UTF-8'?>
<Table class="oracle.dbtools.crest.model.design.relational.Table" directorySegmentName="seg_0" id="7D4D1967-50BA-C277-9C95-E1C4CF3047A1" name="PACIENTE">
<createdBy>abdul</createdBy>
<createdTime>2025-09-14 21:55:42 UTC</createdTime>
<generatorID>FDA8CC85-B08A-3139-5E41-4B8887F9889C</generatorID>
<ownerDesignName>MODELO LOGICO SEMANA 5</ownerDesignName>
<allowColumnReorder>false</allowColumnReorder>
<existDependencyGenerateInDDl>true</existDependencyGenerateInDDl>
<parsed>true</parsed>
<columns itemClass="oracle.dbtools.crest.model.design.relational.Column">
<Column name="id_paciente" id="73A36302-E677-5AEA-3C85-280F17EE008D">
<createdBy>abdul</createdBy>
<createdTime>2025-09-14 21:55:42 UTC</createdTime>
<generatorID>1855CB98-CD85-B266-AD68-03D1DECC91F6</generatorID>
<ownerDesignName>MODELO LOGICO SEMANA 5</ownerDesignName>
<useDomainConstraints>false</useDomainConstraints>
<use>1</use>
<logicalDatatype>LOGDT019</logicalDatatype>
<ownDataTypeParameters>,,</ownDataTypeParameters>
<autoIncrementCycle>false</autoIncrementCycle>
</Column>
<Column name="rut" id="4359A224-B4CB-41B8-C3A3-565BF0B668F9">
<createdBy>abdul</createdBy>
<createdTime>2025-09-14 21:55:42 UTC</createdTime>
<generatorID>FD0B53B4-B11A-63C8-0E5E-396A5301C448</generatorID>
<ownerDesignName>MODELO LOGICO SEMANA 5</ownerDesignName>
<useDomainConstraints>false</useDomainConstraints>
<use>1</use>
<logicalDatatype>LOGDT024</logicalDatatype>
<dataTypeSize>15</dataTypeSize>
<ownDataTypeParameters>15,,</ownDataTypeParameters>
<autoIncrementCycle>false</autoIncrementCycle>
</Column>
<Column name="nombre" id="9A3C0C13-F4DC-BFFA-7CCF-10A5A7CE9CF7">
<createdBy>abdul</createdBy>
<createdTime>2025-09-14 21:55:42 UTC</createdTime>
<generatorID>FEE6C0B2-E709-E96D-2162-60C8E80E7EB1</generatorID>
<ownerDesignName>MODELO LOGICO SEMANA 5</ownerDesignName>
<useDomainConstraints>false</useDomainConstraints>
<use>1</use>
<logicalDatatype>LOGDT024</logicalDatatype>
<dataTypeSize>100</dataTypeSize>
<ownDataTypeParameters>100,,</ownDataTypeParameters>
<autoIncrementCycle>false</autoIncrementCycle>
</Column>
<Column name="fecha_nacimiento" id="976A27DB-6DF1-4C46-201A-BD193AD56CC1">
<createdBy>abdul</createdBy>
<createdTime>2025-09-14 21:55:42 UTC</createdTime>
<generatorID>0AD351BE-07C5-5668-498F-75FABD6F8868</generatorID>
<ownerDesignName>MODELO LOGICO SEMANA 5</ownerDesignName>
<useDomainConstraints>false</useDomainConstraints>
<use>1</use>
<logicalDatatype>LOGDT007</logicalDatatype>
<ownDataTypeParameters>,,</ownDataTypeParameters>
<autoIncrementCycle>false</autoIncrementCycle>
</Column>
<Column name="telefono" id="48FD02C5-59D2-D766-2B27-45B8D11CBBD3">
<createdBy>abdul</createdBy>
<createdTime>2025-09-14 21:55:42 UTC</createdTime>
<generatorID>280DF92E-E441-47E4-60D7-9A64C243709F</generatorID>
<ownerDesignName>MODELO LOGICO SEMANA 5</ownerDesignName>
<useDomainConstraints>false</useDomainConstraints>
<use>1</use>
<logicalDatatype>LOGDT019</logicalDatatype>
<ownDataTypeParameters>,,</ownDataTypeParameters>
<autoIncrementCycle>false</autoIncrementCycle>
</Column>
<Column name="direccion" id="E73634E4-7815-6A2B-041E-FCA5C386CA0F">
<createdBy>abdul</createdBy>
<createdTime>2025-09-14 21:55:42 UTC</createdTime>
<generatorID>7BA39475-BAC7-F654-6E39-DB6A77AFB3D3</generatorID>
<ownerDesignName>MODELO LOGICO SEMANA 5</ownerDesignName>
<useDomainConstraints>false</useDomainConstraints>
<use>1</use>
<logicalDatatype>LOGDT024</logicalDatatype>
<dataTypeSize>150</dataTypeSize>
<ownDataTypeParameters>150,,</ownDataTypeParameters>
<autoIncrementCycle>false</autoIncrementCycle>
</Column>
<Column name="COMUNA_id_comuna" id="CF72EA7C-66C5-C663-05AA-D59194448649">
<createdBy>abdul</createdBy>
<createdTime>2025-09-14 21:55:42 UTC</createdTime>
<generatorID>F773F532-EDBE-B746-E371-563F8D998407</generatorID>
<ownerDesignName>MODELO LOGICO SEMANA 5</ownerDesignName>
<useDomainConstraints>false</useDomainConstraints>
<use>1</use>
<logicalDatatype>LOGDT019</logicalDatatype>
<ownDataTypeParameters>,,</ownDataTypeParameters>
<previousColumn>false</previousColumn>
<autoIncrementCycle>false</autoIncrementCycle>
<associations>
<colAssociation fkAssociation="D2578BDA-EAB4-E84E-6697-914ACBFCA598" referredColumn="C29F1DE4-410B-54B0-00D4-D379A5D77C6B"/>
</associations>
</Column>
<Column name="SEXO_id_sexo" id="2C11AF13-710B-2FC8-573F-13C560949B16">
<createdBy>abdul</createdBy>
<createdTime>2025-09-14 21:55:42 UTC</createdTime>
<generatorID>9505FF97-C8D9-FB92-7457-137616102FA6</generatorID>
<ownerDesignName>MODELO LOGICO SEMANA 5</ownerDesignName>
<useDomainConstraints>false</useDomainConstraints>
<use>1</use>
<logicalDatatype>LOGDT019</logicalDatatype>
<ownDataTypeParameters>,,</ownDataTypeParameters>
<previousColumn>false</previousColumn>
<autoIncrementCycle>false</autoIncrementCycle>
<associations>
<colAssociation fkAssociation="60356992-C602-C47C-49A1-12009C4E5D17" referredColumn="3810C498-9C34-1E08-9292-3F4837DA7A61"/>
</associations>
</Column>
<Column name="TIPO_PACIENTE_id_tip_paciente" id="3AA15C40-3AAC-9A7B-FC6B-142B6103927A">
<createdBy>abdul</createdBy>
<createdTime>2025-09-14 21:55:42 UTC</createdTime>
<generatorID>0DD01810-4EE0-94E8-DA73-40355F678791</generatorID>
<ownerDesignName>MODELO LOGICO SEMANA 5</ownerDesignName>
<useDomainConstraints>false</useDomainConstraints>
<use>1</use>
<logicalDatatype>LOGDT019</logicalDatatype>
<ownDataTypeParameters>,,</ownDataTypeParameters>
<previousColumn>false</previousColumn>
<autoIncrementCycle>false</autoIncrementCycle>
<associations>
<colAssociation fkAssociation="6D61DB52-1662-41B3-0E7B-1E0A2193BA48" referredColumn="FA42328C-8FAC-2C1D-E8A9-4783BC9DB1D1"/>
</associations>
</Column>
</columns>
<indexes itemClass="oracle.dbtools.crest.model.design.relational.Index">
<ind_PK_UK id="3FCFDB93-06CB-7DAA-6C7D-8217486651F0" name="PACIENTE_PK">
<createdBy>abdul</createdBy>
<createdTime>2025-09-14 21:55:42 UTC</createdTime>
<generatorID>0EE33A59-21FA-A3C0-AE1C-8D54AD9D2B66</generatorID>
<ownerDesignName>MODELO LOGICO SEMANA 5</ownerDesignName>
<pk>true</pk>
<indexState>Primary Constraint</indexState>
<isSurrogateKey>false</isSurrogateKey>
<indexColumnUsage>
<colUsage columnID="73A36302-E677-5AEA-3C85-280F17EE008D"/>
</indexColumnUsage>
</ind_PK_UK>
<ind_PK_UK id="86760B12-998A-381F-0B6D-10422A5AFFB6" name="PACIENTE_rut_UN">
<createdBy>abdul</createdBy>
<createdTime>2025-09-14 21:55:42 UTC</createdTime>
<generatorID>ECBEE97F-41CE-6F5C-1FAE-4D37645F389B</generatorID>
<ownerDesignName>MODELO LOGICO SEMANA 5</ownerDesignName>
<indexState>Unique Constraint</indexState>
<isSurrogateKey>false</isSurrogateKey>
<indexColumnUsage>
<colUsage columnID="4359A224-B4CB-41B8-C3A3-565BF0B668F9"/>
</indexColumnUsage>
</ind_PK_UK>
<ind_PK_UK id="2189D145-8782-28F7-0854-B6AA08D0B352" name="PACIENTE_COMUNA_FK">
<createdBy>abdul</createdBy>
<createdTime>2025-09-14 21:55:42 UTC</createdTime>
<generatorID>BC243BF6-9A94-551B-5AC6-FC5D584A9FAD</generatorID>
<ownerDesignName>MODELO LOGICO SEMANA 5</ownerDesignName>
<indexState>Foreign Key</indexState>
<isSurrogateKey>false</isSurrogateKey>
<indexColumnUsage>
<colUsage columnID="CF72EA7C-66C5-C663-05AA-D59194448649"/>
</indexColumnUsage>
</ind_PK_UK>
<ind_PK_UK id="7C512EB6-1B5B-CE5D-5709-2256F792A23A" name="PACIENTE_SEXO_FK">
<createdBy>abdul</createdBy>
<createdTime>2025-09-14 21:55:42 UTC</createdTime>
<generatorID>8D4A249A-87D7-2C85-5910-0BDFE948BFBD</generatorID>
<ownerDesignName>MODELO LOGICO SEMANA 5</ownerDesignName>
<indexState>Foreign Key</indexState>
<isSurrogateKey>false</isSurrogateKey>
<indexColumnUsage>
<colUsage columnID="2C11AF13-710B-2FC8-573F-13C560949B16"/>
</indexColumnUsage>
</ind_PK_UK>
<ind_PK_UK id="4F8E67AD-F152-0648-7561-11BD0AA1FC58" name="PACIENTE_TIPO_PACIENTE_FK">
<createdBy>abdul</createdBy>
<createdTime>2025-09-14 21:55:42 UTC</createdTime>
<generatorID>37FBF011-7DE0-DD60-7ACA-98D209D6E0D2</generatorID>
<ownerDesignName>MODELO LOGICO SEMANA 5</ownerDesignName>
<indexState>Foreign Key</indexState>
<isSurrogateKey>false</isSurrogateKey>
<indexColumnUsage>
<colUsage columnID="3AA15C40-3AAC-9A7B-FC6B-142B6103927A"/>
</indexColumnUsage>
</ind_PK_UK>
</indexes>
</Table>