<?xml version = '1.0' encoding = 'UTF-8'?>
<Table class="oracle.dbtools.crest.model.design.relational.Table" directorySegmentName="seg_0" id="B9A6917E-C64F-CE6E-BD94-598A304DA223" name="TIPO_PACIENTE">
<createdBy>abdul</createdBy>
<createdTime>2025-09-14 21:55:42 UTC</createdTime>
<generatorID>1034F8E4-B980-A398-962B-F8F70369D50A</generatorID>
<ownerDesignName>MODELO LOGICO SEMANA 5</ownerDesignName>
<allowColumnReorder>false</allowColumnReorder>
<existDependencyGenerateInDDl>true</existDependencyGenerateInDDl>
<parsed>true</parsed>
<columns itemClass="oracle.dbtools.crest.model.design.relational.Column">
<Column name="id_tip_paciente" id="FA42328C-8FAC-2C1D-E8A9-4783BC9DB1D1">
<createdBy>abdul</createdBy>
<createdTime>2025-09-14 21:55:42 UTC</createdTime>
<generatorID>D26506AE-23E6-13B8-8556-D1902F0B85F1</generatorID>
<ownerDesignName>MODELO LOGICO SEMANA 5</ownerDesignName>
<useDomainConstraints>false</useDomainConstraints>
<use>1</use>
<logicalDatatype>LOGDT019</logicalDatatype>
<ownDataTypeParameters>,,</ownDataTypeParameters>
<autoIncrementCycle>false</autoIncrementCycle>
</Column>
<Column name="nombre" id="FF8293D8-1488-9230-CC53-96365AB013BD">
<createdBy>abdul</createdBy>
<createdTime>2025-09-14 21:55:42 UTC</createdTime>
<generatorID>6B7E04CA-9922-370E-DDCB-A96F9446CC17</generatorID>
<ownerDesignName>MODELO LOGICO SEMANA 5</ownerDesignName>
<useDomainConstraints>false</useDomainConstraints>
<use>1</use>
<logicalDatatype>LOGDT024</logicalDatatype>
<dataTypeSize>15</dataTypeSize>
<listOfValues>
<valueDef value="&apos;ESTUDIANTE&apos;" description=""/>
<valueDef value="&apos;EXTERNO&apos;" description=""/>
<valueDef value="&apos;FUNCIONARIO&apos;" description=""/>
</listOfValues>
<ownDataTypeParameters>15,,</ownDataTypeParameters>
<autoIncrementCycle>false</autoIncrementCycle>
</Column>
</columns>
<indexes itemClass="oracle.dbtools.crest.model.design.relational.Index">
<ind_PK_UK id="C6595F27-D77C-C3A2-800C-F407773D04F4" name="TIPO_PACIENTE_PK">
<createdBy>abdul</createdBy>
<createdTime>2025-09-14 21:55:42 UTC</createdTime>
<generatorID>2BED6B0B-5026-FB92-B03D-A0F59916E6A2</generatorID>
<ownerDesignName>MODELO LOGICO SEMANA 5</ownerDesignName>
<pk>true</pk>
<indexState>Primary Constraint</indexState>
<isSurrogateKey>false</isSurrogateKey>
<indexColumnUsage>
<colUsage columnID="FA42328C-8FAC-2C1D-E8A9-4783BC9DB1D1"/>
</indexColumnUsage>
</ind_PK_UK>
<ind_PK_UK id="89CD6B29-70A8-237C-EDB4-7D4AA8CD346D" name="TIPO_PACIENTE_nombre_UN">
<createdBy>abdul</createdBy>
<createdTime>2025-09-14 22:31:33 UTC</createdTime>
<generatorID>0ED61044-618E-1190-B665-6EFC011842AC</generatorID>
<ownerDesignName>MODELO LOGICO SEMANA 5</ownerDesignName>
<indexState>Unique Constraint</indexState>
<isSurrogateKey>false</isSurrogateKey>
<indexColumnUsage>
<colUsage columnID="FF8293D8-1488-9230-CC53-96365AB013BD"/>
</indexColumnUsage>
</ind_PK_UK>
</indexes>
</Table>