<?xml version = '1.0' encoding = 'UTF-8'?>
<Table class="oracle.dbtools.crest.model.design.relational.Table" directorySegmentName="seg_0" id="C5767ED3-1638-B0AD-E7ED-ECB6019DC02A" name="MEDICO">
<createdBy>abdul</createdBy>
<createdTime>2025-09-14 21:55:42 UTC</createdTime>
<generatorID>AA6703F4-F131-2798-2155-BAD20D9ABCF6</generatorID>
<ownerDesignName>MODELO LOGICO SEMANA 5</ownerDesignName>
<allowColumnReorder>false</allowColumnReorder>
<existDependencyGenerateInDDl>true</existDependencyGenerateInDDl>
<parsed>true</parsed>
<columns itemClass="oracle.dbtools.crest.model.design.relational.Column">
<Column name="id_medico" id="25F40702-53DC-6F32-3714-CD81078E36BE">
<createdBy>abdul</createdBy>
<createdTime>2025-09-14 21:55:42 UTC</createdTime>
<generatorID>24944A3E-5F4B-5B30-CF52-8E109C4DCA90</generatorID>
<ownerDesignName>MODELO LOGICO SEMANA 5</ownerDesignName>
<useDomainConstraints>false</useDomainConstraints>
<use>1</use>
<logicalDatatype>LOGDT019</logicalDatatype>
<ownDataTypeParameters>,,</ownDataTypeParameters>
<autoIncrementCycle>false</autoIncrementCycle>
</Column>
<Column name="rut_medico" id="778C477C-6A3B-F8F3-CC8C-74D168A58F9C">
<createdBy>abdul</createdBy>
<createdTime>2025-09-14 21:55:42 UTC</createdTime>
<generatorID>4535135C-F504-4532-84C6-CC7DAB686BBC</generatorID>
<ownerDesignName>MODELO LOGICO SEMANA 5</ownerDesignName>
<useDomainConstraints>false</useDomainConstraints>
<use>1</use>
<logicalDatatype>LOGDT024</logicalDatatype>
<dataTypeSize>15</dataTypeSize>
<ownDataTypeParameters>15,,</ownDataTypeParameters>
<autoIncrementCycle>false</autoIncrementCycle>
</Column>
<Column name="nombre" id="8894DC1E-5D2B-0808-B820-BE1C6B1864DD">
<createdBy>abdul</createdBy>
<createdTime>2025-09-14 21:55:42 UTC</createdTime>
<generatorID>7D3A89C7-0381-69F4-2D27-4AC54795A0A6</generatorID>
<ownerDesignName>MODELO LOGICO SEMANA 5</ownerDesignName>
<useDomainConstraints>false</useDomainConstraints>
<use>1</use>
<logicalDatatype>LOGDT024</logicalDatatype>
<dataTypeSize>100</dataTypeSize>
<ownDataTypeParameters>100,,</ownDataTypeParameters>
<autoIncrementCycle>false</autoIncrementCycle>
</Column>
<Column name="fecha_ingreso" id="FFDC6DF1-08C8-AFC4-B7BD-53327D0F5C8E">
<createdBy>abdul</createdBy>
<createdTime>2025-09-14 21:55:42 UTC</createdTime>
<generatorID>6A31F1A4-DA1D-FF20-3BAD-EB1E6AB064AF</generatorID>
<ownerDesignName>MODELO LOGICO SEMANA 5</ownerDesignName>
<useDomainConstraints>false</useDomainConstraints>
<use>1</use>
<logicalDatatype>LOGDT007</logicalDatatype>
<ownDataTypeParameters>,,</ownDataTypeParameters>
<autoIncrementCycle>false</autoIncrementCycle>
</Column>
<Column name="ESPECIALIDAD_id_especialidad" id="85CF7F33-DA67-567E-CBFF-1AA32C48AC47">
<createdBy>abdul</createdBy>
<createdTime>2025-09-14 21:55:42 UTC</createdTime>
<generatorID>0EC5536B-2C0A-EAF7-3E53-33166AE3C68F</generatorID>
<ownerDesignName>MODELO LOGICO SEMANA 5</ownerDesignName>
<useDomainConstraints>false</useDomainConstraints>
<use>1</use>
<logicalDatatype>LOGDT019</logicalDatatype>
<ownDataTypeParameters>,,</ownDataTypeParameters>
<previousColumn>false</previousColumn>
<autoIncrementCycle>false</autoIncrementCycle>
<associations>
<colAssociation fkAssociation="C10D9A95-DA10-6CBD-551F-EAE3E20661F9" referredColumn="E81E1CF3-AA80-6C98-BB86-553D4ADEE8B1"/>
</associations>
</Column>
<Column name="SALUD_id_salud" id="31816EB7-11CF-6F3D-0496-8086A9DD67DF">
<createdBy>abdul</createdBy>
<createdTime>2025-09-14 21:55:42 UTC</createdTime>
<generatorID>85461F6B-B6A9-A966-8CCA-8FDC5EFBCDB0</generatorID>
<ownerDesignName>MODELO LOGICO SEMANA 5</ownerDesignName>
<useDomainConstraints>false</useDomainConstraints>
<use>1</use>
<logicalDatatype>LOGDT019</logicalDatatype>
<ownDataTypeParameters>,,</ownDataTypeParameters>
<previousColumn>false</previousColumn>
<autoIncrementCycle>false</autoIncrementCycle>
<associations>
<colAssociation fkAssociation="F5CC65FF-42B8-8B44-4313-792D26A2EF8B" referredColumn="AD67140B-C8B4-56B8-0604-217D5AFA169D"/>
</associations>
</Column>
<Column name="AFP_id_afp" id="637463BB-8D8D-BA85-1AE6-246A222B35ED">
<createdBy>abdul</createdBy>
<createdTime>2025-09-14 21:55:42 UTC</createdTime>
<generatorID>C1625500-516D-D518-91A9-1E9DE3FEFFF4</generatorID>
<ownerDesignName>MODELO LOGICO SEMANA 5</ownerDesignName>
<useDomainConstraints>false</useDomainConstraints>
<use>1</use>
<logicalDatatype>LOGDT019</logicalDatatype>
<ownDataTypeParameters>,,</ownDataTypeParameters>
<previousColumn>false</previousColumn>
<autoIncrementCycle>false</autoIncrementCycle>
<associations>
<colAssociation fkAssociation="260FEE59-3DED-0D70-61A7-9882253B8BD4" referredColumn="3202780F-3639-05B1-A82A-683567ACE249"/>
</associations>
</Column>
</columns>
<indexes itemClass="oracle.dbtools.crest.model.design.relational.Index">
<ind_PK_UK id="230D5965-6F0F-A729-B4F0-2045D3B3CD42" name="MEDICO_PK">
<createdBy>abdul</createdBy>
<createdTime>2025-09-14 21:55:42 UTC</createdTime>
<generatorID>93B183C3-BF81-B044-C0EE-48C2467B73B6</generatorID>
<ownerDesignName>MODELO LOGICO SEMANA 5</ownerDesignName>
<pk>true</pk>
<indexState>Primary Constraint</indexState>
<isSurrogateKey>false</isSurrogateKey>
<indexColumnUsage>
<colUsage columnID="25F40702-53DC-6F32-3714-CD81078E36BE"/>
</indexColumnUsage>
</ind_PK_UK>
<ind_PK_UK id="9BC93AA5-6F32-014A-025B-FB039C689D2B" name="MEDICO_rut_UN">
<createdBy>abdul</createdBy>
<createdTime>2025-09-14 21:55:42 UTC</createdTime>
<generatorID>FE64685B-5CEA-66DE-5AA0-B208AD585ED8</generatorID>
<ownerDesignName>MODELO LOGICO SEMANA 5</ownerDesignName>
<indexState>Unique Constraint</indexState>
<isSurrogateKey>false</isSurrogateKey>
<indexColumnUsage>
<colUsage columnID="778C477C-6A3B-F8F3-CC8C-74D168A58F9C"/>
</indexColumnUsage>
</ind_PK_UK>
<ind_PK_UK id="7F260BBD-8CDE-B315-C6B5-A45FFD5CD475" name="MEDICO_SALUD_FK">
<createdBy>abdul</createdBy>
<createdTime>2025-09-14 21:55:42 UTC</createdTime>
<generatorID>EBBA4221-DEAC-FB03-C9EF-53D8301DD706</generatorID>
<ownerDesignName>MODELO LOGICO SEMANA 5</ownerDesignName>
<indexState>Foreign Key</indexState>
<isSurrogateKey>false</isSurrogateKey>
<indexColumnUsage>
<colUsage columnID="31816EB7-11CF-6F3D-0496-8086A9DD67DF"/>
</indexColumnUsage>
</ind_PK_UK>
<ind_PK_UK id="54EB7029-4FC8-F839-F1DC-5666D94ACD97" name="MEDICO_ESPECIALIDAD_FK">
<createdBy>abdul</createdBy>
<createdTime>2025-09-14 21:55:42 UTC</createdTime>
<generatorID>54B7EE76-91AE-4D29-13E1-D80A55387A3F</generatorID>
<ownerDesignName>MODELO LOGICO SEMANA 5</ownerDesignName>
<indexState>Foreign Key</indexState>
<isSurrogateKey>false</isSurrogateKey>
<indexColumnUsage>
<colUsage columnID="85CF7F33-DA67-567E-CBFF-1AA32C48AC47"/>
</indexColumnUsage>
</ind_PK_UK>
<ind_PK_UK id="580AC167-F459-495E-9E3F-3340EA4189BB" name="MEDICO_AFP_FK">
<createdBy>abdul</createdBy>
<createdTime>2025-09-14 21:55:42 UTC</createdTime>
<generatorID>1FBE03D5-F5D7-EB37-6621-E4CED293DE99</generatorID>
<ownerDesignName>MODELO LOGICO SEMANA 5</ownerDesignName>
<indexState>Foreign Key</indexState>
<isSurrogateKey>false</isSurrogateKey>
<indexColumnUsage>
<colUsage columnID="637463BB-8D8D-BA85-1AE6-246A222B35ED"/>
</indexColumnUsage>
</ind_PK_UK>
</indexes>
</Table>