<?xml version = '1.0' encoding = 'UTF-8'?>
<Table class="oracle.dbtools.crest.model.design.relational.Table" directorySegmentName="seg_0" id="DA7B4893-0561-1472-EFE6-0EC4EFB83696" name="METODO_PAGO">
<createdBy>abdul</createdBy>
<createdTime>2025-09-14 21:55:42 UTC</createdTime>
<generatorID>5AE4F54D-5A8A-92C5-5781-56302CA8D864</generatorID>
<ownerDesignName>MODELO LOGICO SEMANA 5</ownerDesignName>
<allowColumnReorder>false</allowColumnReorder>
<existDependencyGenerateInDDl>true</existDependencyGenerateInDDl>
<parsed>true</parsed>
<columns itemClass="oracle.dbtools.crest.model.design.relational.Column">
<Column name="id_metodo_pago" id="A6F8E360-488E-CB7F-DE36-0C90A7662B81">
<createdBy>abdul</createdBy>
<createdTime>2025-09-14 21:55:42 UTC</createdTime>
<generatorID>83354A95-E29C-BF8E-596A-C0A6EBEC2993</generatorID>
<ownerDesignName>MODELO LOGICO SEMANA 5</ownerDesignName>
<useDomainConstraints>false</useDomainConstraints>
<use>1</use>
<logicalDatatype>LOGDT019</logicalDatatype>
<ownDataTypeParameters>,,</ownDataTypeParameters>
<autoIncrementCycle>false</autoIncrementCycle>
</Column>
<Column name="nombre" id="0DEF0C95-3BA8-9E58-4346-1DF4F12FD7FB">
<createdBy>abdul</createdBy>
<createdTime>2025-09-14 21:55:42 UTC</createdTime>
<generatorID>0439490B-4975-A8CB-BBAB-24711FFF1E4F</generatorID>
<ownerDesignName>MODELO LOGICO SEMANA 5</ownerDesignName>
<constraintName>CK_METODO_PAGO_NOMBRE</constraintName>
<useDomainConstraints>false</useDomainConstraints>
<use>1</use>
<logicalDatatype>LOGDT024</logicalDatatype>
<dataTypeSize>10</dataTypeSize>
<listOfValues>
<valueDef value="&apos;CONVENIO&apos;" description=""/>
<valueDef value="&apos;EFECTIVO&apos;" description=""/>
<valueDef value="&apos;TARJETA&apos;" description=""/>
</listOfValues>
<ownDataTypeParameters>10,,</ownDataTypeParameters>
<autoIncrementCycle>false</autoIncrementCycle>
</Column>
</columns>
<indexes itemClass="oracle.dbtools.crest.model.design.relational.Index">
<ind_PK_UK id="C331E697-07DC-2D5B-FC3F-7EFEDF9A779E" name="METODO_PAGO_PK">
<createdBy>abdul</createdBy>
<createdTime>2025-09-14 21:55:42 UTC</createdTime>
<generatorID>7FE9BE56-F31C-474C-2203-D7D76A19D388</generatorID>
<ownerDesignName>MODELO LOGICO SEMANA 5</ownerDesignName>
<pk>true</pk>
<indexState>Primary Constraint</indexState>
<isSurrogateKey>false</isSurrogateKey>
<indexColumnUsage>
<colUsage columnID="A6F8E360-488E-CB7F-DE36-0C90A7662B81"/>
</indexColumnUsage>
</ind_PK_UK>
<ind_PK_UK id="0100B60C-BF2A-FCD6-2A72-0356FC852AC6" name="METODO_PAGO_nombre_UN">
<createdBy>abdul</createdBy>
<createdTime>2025-09-14 21:55:42 UTC</createdTime>
<generatorID>59F53FEE-01BF-269B-0A2E-2FCFAE3C1E9A</generatorID>
<ownerDesignName>MODELO LOGICO SEMANA 5</ownerDesignName>
<indexState>Unique Constraint</indexState>
<isSurrogateKey>false</isSurrogateKey>
<indexColumnUsage>
<colUsage columnID="0DEF0C95-3BA8-9E58-4346-1DF4F12FD7FB"/>
</indexColumnUsage>
</ind_PK_UK>
</indexes>
</Table>