<?xml version = '1.0' encoding = 'UTF-8'?>
<Table class="oracle.dbtools.crest.model.design.relational.Table" directorySegmentName="seg_0" id="E3619686-AF05-A2AE-0490-0EEAAD70D655" name="SOLICITUD_EXAMEN">
<createdBy>abdul</createdBy>
<createdTime>2025-09-14 21:55:42 UTC</createdTime>
<generatorID>8235CACA-6195-F692-76EA-2B839876BFBA</generatorID>
<ownerDesignName>MODELO LOGICO SEMANA 5</ownerDesignName>
<allowColumnReorder>false</allowColumnReorder>
<existDependencyGenerateInDDl>true</existDependencyGenerateInDDl>
<parsed>true</parsed>
<columns itemClass="oracle.dbtools.crest.model.design.relational.Column">
<Column name="id_solicitud" id="3CFA7DF4-3A21-EBE7-6453-19AC872D5657">
<createdBy>abdul</createdBy>
<createdTime>2025-09-14 21:55:42 UTC</createdTime>
<generatorID>F5937599-510D-193D-92F4-27F628881D4A</generatorID>
<ownerDesignName>MODELO LOGICO SEMANA 5</ownerDesignName>
<useDomainConstraints>false</useDomainConstraints>
<use>1</use>
<logicalDatatype>LOGDT019</logicalDatatype>
<ownDataTypeParameters>,,</ownDataTypeParameters>
<autoIncrementCycle>false</autoIncrementCycle>
</Column>
<Column name="fecha_solicitud" id="97D0C400-ACB7-457A-F01F-255A42CEF5BC">
<createdBy>abdul</createdBy>
<createdTime>2025-09-14 21:55:42 UTC</createdTime>
<generatorID>C04441F5-1BFE-F438-6459-15DD2D0B2B9E</generatorID>
<ownerDesignName>MODELO LOGICO SEMANA 5</ownerDesignName>
<useDomainConstraints>false</useDomainConstraints>
<use>1</use>
<logicalDatatype>LOGDT007</logicalDatatype>
<ownDataTypeParameters>,,</ownDataTypeParameters>
<autoIncrementCycle>false</autoIncrementCycle>
</Column>
<Column name="ATENCION_id_atencion" id="4B418C8B-4B1F-355A-E343-C714F9AFF657">
<createdBy>abdul</createdBy>
<createdTime>2025-09-14 21:55:42 UTC</createdTime>
<generatorID>E40FCD4A-1239-E309-1467-CF6F44167CB2</generatorID>
<ownerDesignName>MODELO LOGICO SEMANA 5</ownerDesignName>
<useDomainConstraints>false</useDomainConstraints>
<use>1</use>
<logicalDatatype>LOGDT019</logicalDatatype>
<ownDataTypeParameters>,,</ownDataTypeParameters>
<previousColumn>false</previousColumn>
<autoIncrementCycle>false</autoIncrementCycle>
<associations>
<colAssociation fkAssociation="DAC87860-994A-662C-0519-B45E1533BB3D" referredColumn="36304A2C-A04A-4ADA-5009-3C45132816F5"/>
</associations>
</Column>
<Column name="EXAMEN_id_examen" id="12336D2E-7282-BE14-33B6-FB27AD69605D">
<createdBy>abdul</createdBy>
<createdTime>2025-09-14 21:55:42 UTC</createdTime>
<generatorID>28668106-85F5-7918-A875-C30625E411DD</generatorID>
<ownerDesignName>MODELO LOGICO SEMANA 5</ownerDesignName>
<useDomainConstraints>false</useDomainConstraints>
<use>1</use>
<logicalDatatype>LOGDT019</logicalDatatype>
<ownDataTypeParameters>,,</ownDataTypeParameters>
<previousColumn>false</previousColumn>
<autoIncrementCycle>false</autoIncrementCycle>
<associations>
<colAssociation fkAssociation="FE4DA1D9-6447-35A2-B8C2-03BC654E290B" referredColumn="37D9C9DF-E44F-B022-DCBD-697BBCE919D0"/>
</associations>
</Column>
</columns>
<indexes itemClass="oracle.dbtools.crest.model.design.relational.Index">
<ind_PK_UK id="730E5E25-77C5-C382-2214-C0284D44824B" name="SOLICITUD_EXAMEN_PK">
<createdBy>abdul</createdBy>
<createdTime>2025-09-14 21:55:42 UTC</createdTime>
<generatorID>91508804-1691-11EE-5B1B-4AACF55A9068</generatorID>
<ownerDesignName>MODELO LOGICO SEMANA 5</ownerDesignName>
<pk>true</pk>
<indexState>Primary Constraint</indexState>
<isSurrogateKey>false</isSurrogateKey>
<indexColumnUsage>
<colUsage columnID="3CFA7DF4-3A21-EBE7-6453-19AC872D5657"/>
</indexColumnUsage>
</ind_PK_UK>
<ind_PK_UK id="39561914-D498-25B6-6B94-D89477C22486" name="SOLICITUD_EXAMEN_ATENCION_FK">
<createdBy>abdul</createdBy>
<createdTime>2025-09-14 21:55:42 UTC</createdTime>
<generatorID>5DD74A94-7BE0-ABEB-4564-8528B48C5F91</generatorID>
<ownerDesignName>MODELO LOGICO SEMANA 5</ownerDesignName>
<indexState>Foreign Key</indexState>
<isSurrogateKey>false</isSurrogateKey>
<indexColumnUsage>
<colUsage columnID="4B418C8B-4B1F-355A-E343-C714F9AFF657"/>
</indexColumnUsage>
</ind_PK_UK>
<ind_PK_UK id="395B5267-2457-447A-562A-CD64EC8066BA" name="SOLICITUD_EXAMEN_EXAMEN_FK">
<createdBy>abdul</createdBy>
<createdTime>2025-09-14 21:55:42 UTC</createdTime>
<generatorID>81F9D390-D45B-B3A3-4D58-800930840240</generatorID>
<ownerDesignName>MODELO LOGICO SEMANA 5</ownerDesignName>
<indexState>Foreign Key</indexState>
<isSurrogateKey>false</isSurrogateKey>
<indexColumnUsage>
<colUsage columnID="12336D2E-7282-BE14-33B6-FB27AD69605D"/>
</indexColumnUsage>
</ind_PK_UK>
</indexes>
</Table>