<?xml version = '1.0' encoding = 'UTF-8'?>
<Entity class="oracle.dbtools.crest.model.design.logical.Entity" directorySegmentName="seg_0" id="16FE723F-E003-790E-6063-31E454724195" name="EQUIPAJE">
<createdBy>abdul</createdBy>
<createdTime>2025-08-23 20:50:50 UTC</createdTime>
<ownerDesignName>BT_Airways_Model</ownerDesignName>
<engineerTo>
<item key="91F143E8-2BEE-E5E3-EFDE-BE024A739194" value="true"/>
</engineerTo>
<adequatelyNormalized>NO</adequatelyNormalized>
<expectedVolumes>0</expectedVolumes>
<fwdEngineeringStrategyName>Single Table</fwdEngineeringStrategyName>
<growthPercent>0</growthPercent>
<growthType>Year</growthType>
<maxVolumes>9999999</maxVolumes>
<minVolumes>0</minVolumes>
<normalForm>Third</normalForm>
<attributes itemClass="oracle.dbtools.crest.model.design.logical.Attribute">
<Attribute name="id_equipaje" id="55CAB506-A617-9900-E3E6-FFC17C8CF725">
<createdBy>abdul</createdBy>
<createdTime>2025-08-23 20:50:57 UTC</createdTime>
<ownerDesignName>BT_Airways_Model</ownerDesignName>
<engineerTo>
<item key="91F143E8-2BEE-E5E3-EFDE-BE024A739194" value="true"/>
</engineerTo>
<useDomainConstraints>false</useDomainConstraints>
<use>1</use>
<logicalDatatype>LOGDT019</logicalDatatype>
<ownDataTypeParameters>,,</ownDataTypeParameters>
</Attribute>
<Attribute name="color" id="A862310E-2195-E4E2-FCF2-36614A94A1D2">
<createdBy>abdul</createdBy>
<createdTime>2025-08-23 20:51:07 UTC</createdTime>
<ownerDesignName>BT_Airways_Model</ownerDesignName>
<engineerTo>
<item key="91F143E8-2BEE-E5E3-EFDE-BE024A739194" value="true"/>
</engineerTo>
<useDomainConstraints>false</useDomainConstraints>
<use>1</use>
<logicalDatatype>LOGDT024</logicalDatatype>
<ownDataTypeParameters>,,</ownDataTypeParameters>
</Attribute>
<Attribute name="peso" id="54FBA6D4-9395-4ECB-0C66-3CBD1BF7335F">
<createdBy>abdul</createdBy>
<createdTime>2025-08-23 20:51:19 UTC</createdTime>
<ownerDesignName>BT_Airways_Model</ownerDesignName>
<engineerTo>
<item key="91F143E8-2BEE-E5E3-EFDE-BE024A739194" value="true"/>
</engineerTo>
<useDomainConstraints>false</useDomainConstraints>
<use>1</use>
<logicalDatatype>LOGDT019</logicalDatatype>
<ownDataTypeParameters>,,</ownDataTypeParameters>
</Attribute>
<Attribute name="descripcion" id="76B9D64F-B3DE-AB0B-9037-903FA0EAC376">
<createdBy>abdul</createdBy>
<createdTime>2025-08-23 20:51:30 UTC</createdTime>
<ownerDesignName>BT_Airways_Model</ownerDesignName>
<engineerTo>
<item key="91F143E8-2BEE-E5E3-EFDE-BE024A739194" value="true"/>
</engineerTo>
<nullsAllowed>true</nullsAllowed>
<useDomainConstraints>false</useDomainConstraints>
<use>1</use>
<logicalDatatype>LOGDT024</logicalDatatype>
<ownDataTypeParameters>,,</ownDataTypeParameters>
</Attribute>
<Attribute name="id_pasajero" id="1191BE0E-7896-5E45-FB22-B1E3D0BE919C">
<createdBy>abdul</createdBy>
<createdTime>2025-08-23 21:57:39 UTC</createdTime>
<generatorID>BC3EC231-6046-FEAF-BFD6-76A1F7027968</generatorID>
<ownerDesignName>BT_Airways_Model</ownerDesignName>
<engineerTo>
<item key="91F143E8-2BEE-E5E3-EFDE-BE024A739194" value="true"/>
</engineerTo>
<referedAttribute>E584369E-7C6D-E1D9-7FFB-A7373BE7C2D2</referedAttribute>
<useDomainConstraints>false</useDomainConstraints>
<use>1</use>
<logicalDatatype>LOGDT019</logicalDatatype>
<ownDataTypeParameters>,,</ownDataTypeParameters>
</Attribute>
</attributes>
<identifiers itemClass="oracle.dbtools.crest.model.design.logical.CandidateKey">
<identifier id="4562DE95-C2A7-A1B3-37A0-6DB8A7C1EB7F" name="EQUIPAJE PK">
<createdBy>abdul</createdBy>
<createdTime>2025-08-23 20:51:05 UTC</createdTime>
<ownerDesignName>BT_Airways_Model</ownerDesignName>
<engineerTo>
<item key="91F143E8-2BEE-E5E3-EFDE-BE024A739194" value="true"/>
</engineerTo>
<pk>true</pk>
<usedAttributes>
<attributeRef>55CAB506-A617-9900-E3E6-FFC17C8CF725</attributeRef>
</usedAttributes>
</identifier>
</identifiers>
</Entity>