<?xml version = '1.0' encoding = 'UTF-8'?>
<Entity class="oracle.dbtools.crest.model.design.logical.Entity" directorySegmentName="seg_0" id="29219542-BAA3-66EE-6679-CA9F161A2A0A" name="RESERVA">
<createdBy>abdul</createdBy>
<createdTime>2025-08-23 20:38:16 UTC</createdTime>
<ownerDesignName>BT_Airways_Model</ownerDesignName>
<engineerTo>
<item key="91F143E8-2BEE-E5E3-EFDE-BE024A739194" value="true"/>
</engineerTo>
<adequatelyNormalized>NO</adequatelyNormalized>
<expectedVolumes>0</expectedVolumes>
<fwdEngineeringStrategyName>Single Table</fwdEngineeringStrategyName>
<growthPercent>0</growthPercent>
<growthType>Year</growthType>
<maxVolumes>9999999</maxVolumes>
<minVolumes>0</minVolumes>
<normalForm>Third</normalForm>
<attributes itemClass="oracle.dbtools.crest.model.design.logical.Attribute">
<Attribute name="id_reserva" id="2E7F0AED-513E-7F86-3526-F0BFC0E9238C">
<createdBy>abdul</createdBy>
<createdTime>2025-08-23 20:38:23 UTC</createdTime>
<ownerDesignName>BT_Airways_Model</ownerDesignName>
<engineerTo>
<item key="91F143E8-2BEE-E5E3-EFDE-BE024A739194" value="true"/>
</engineerTo>
<useDomainConstraints>false</useDomainConstraints>
<use>1</use>
<logicalDatatype>LOGDT019</logicalDatatype>
<ownDataTypeParameters>,,</ownDataTypeParameters>
</Attribute>
<Attribute name="fecha_reserva" id="C29AB2BF-B7E9-9488-C90B-739D6F569A19">
<createdBy>abdul</createdBy>
<createdTime>2025-08-23 20:38:23 UTC</createdTime>
<ownerDesignName>BT_Airways_Model</ownerDesignName>
<engineerTo>
<item key="91F143E8-2BEE-E5E3-EFDE-BE024A739194" value="true"/>
</engineerTo>
<useDomainConstraints>false</useDomainConstraints>
<use>1</use>
<logicalDatatype>LOGDT007</logicalDatatype>
<ownDataTypeParameters>,,</ownDataTypeParameters>
</Attribute>
<Attribute name="fecha_viaje" id="3438FC00-BD81-7070-8EE9-2F7C26EBE72F">
<createdBy>abdul</createdBy>
<createdTime>2025-08-23 20:38:23 UTC</createdTime>
<ownerDesignName>BT_Airways_Model</ownerDesignName>
<engineerTo>
<item key="91F143E8-2BEE-E5E3-EFDE-BE024A739194" value="true"/>
</engineerTo>
<useDomainConstraints>false</useDomainConstraints>
<use>1</use>
<logicalDatatype>LOGDT007</logicalDatatype>
<ownDataTypeParameters>,,</ownDataTypeParameters>
</Attribute>
<Attribute name="estado" id="3D58C6AA-F55C-D98F-7877-DDC277D7A053">
<createdBy>abdul</createdBy>
<createdTime>2025-08-23 20:38:23 UTC</createdTime>
<ownerDesignName>BT_Airways_Model</ownerDesignName>
<engineerTo>
<item key="91F143E8-2BEE-E5E3-EFDE-BE024A739194" value="true"/>
</engineerTo>
<useDomainConstraints>false</useDomainConstraints>
<use>1</use>
<logicalDatatype>LOGDT024</logicalDatatype>
<ownDataTypeParameters>,,</ownDataTypeParameters>
</Attribute>
<Attribute name="id_pasajero" id="76C45A8C-5453-9B64-6E90-438F11243F16">
<createdBy>abdul</createdBy>
<createdTime>2025-08-23 21:24:35 UTC</createdTime>
<generatorID>43AE6555-AE03-255E-1D95-B6F1641E3FAC</generatorID>
<ownerDesignName>BT_Airways_Model</ownerDesignName>
<engineerTo>
<item key="91F143E8-2BEE-E5E3-EFDE-BE024A739194" value="true"/>
</engineerTo>
<referedAttribute>E584369E-7C6D-E1D9-7FFB-A7373BE7C2D2</referedAttribute>
<useDomainConstraints>false</useDomainConstraints>
<use>1</use>
<logicalDatatype>LOGDT019</logicalDatatype>
<ownDataTypeParameters>,,</ownDataTypeParameters>
</Attribute>
<Attribute name="id_vuelo" id="27B076C3-C09C-58EE-7C1D-630299D0DAC2">
<createdBy>abdul</createdBy>
<createdTime>2025-08-23 21:55:35 UTC</createdTime>
<generatorID>C70A65BB-7285-C80D-F9CF-56FA95C5FDCA</generatorID>
<ownerDesignName>BT_Airways_Model</ownerDesignName>
<engineerTo>
<item key="91F143E8-2BEE-E5E3-EFDE-BE024A739194" value="true"/>
</engineerTo>
<referedAttribute>B7D60D04-D649-A96D-7806-546605B83CE9</referedAttribute>
<useDomainConstraints>false</useDomainConstraints>
<use>1</use>
<logicalDatatype>LOGDT019</logicalDatatype>
<ownDataTypeParameters>,,</ownDataTypeParameters>
</Attribute>
<Attribute name="id_empleado" id="8DDE15CE-CD6D-3E54-DDDE-6E05145AAB14">
<createdBy>abdul</createdBy>
<createdTime>2025-08-23 22:31:56 UTC</createdTime>
<generatorID>A00EE08E-FC16-8B9E-C1B0-4EB370BD7752</generatorID>
<ownerDesignName>BT_Airways_Model</ownerDesignName>
<engineerTo>
<item key="91F143E8-2BEE-E5E3-EFDE-BE024A739194" value="true"/>
</engineerTo>
<referedAttribute>BD86873E-F42B-EE26-293D-173069607883</referedAttribute>
<useDomainConstraints>false</useDomainConstraints>
<use>1</use>
<logicalDatatype>LOGDT019</logicalDatatype>
<ownDataTypeParameters>,,</ownDataTypeParameters>
</Attribute>
</attributes>
<identifiers itemClass="oracle.dbtools.crest.model.design.logical.CandidateKey">
<identifier id="6AD614B3-EAA6-6126-9794-4F593BB2277F" name="RESERVA PK">
<createdBy>abdul</createdBy>
<createdTime>2025-08-23 20:38:28 UTC</createdTime>
<ownerDesignName>BT_Airways_Model</ownerDesignName>
<engineerTo>
<item key="91F143E8-2BEE-E5E3-EFDE-BE024A739194" value="true"/>
</engineerTo>
<pk>true</pk>
<usedAttributes>
<attributeRef>2E7F0AED-513E-7F86-3526-F0BFC0E9238C</attributeRef>
</usedAttributes>
</identifier>
</identifiers>
</Entity>