<?xml version = '1.0' encoding = 'UTF-8'?>
<Entity class="oracle.dbtools.crest.model.design.logical.Entity" directorySegmentName="seg_0" id="61DA70AA-5678-9380-F228-5EC39C37E40F" name="ADMINISTRATIVOS">
<createdBy>abdul</createdBy>
<createdTime>2025-08-23 21:47:22 UTC</createdTime>
<ownerDesignName>BT_Airways_Model</ownerDesignName>
<engineerTo>
<item key="91F143E8-2BEE-E5E3-EFDE-BE024A739194" value="true"/>
</engineerTo>
<adequatelyNormalized>NO</adequatelyNormalized>
<expectedVolumes>0</expectedVolumes>
<fwdEngineeringStrategyName>Single Table</fwdEngineeringStrategyName>
<growthPercent>0</growthPercent>
<growthType>Year</growthType>
<maxVolumes>9999999</maxVolumes>
<minVolumes>0</minVolumes>
<normalForm>Third</normalForm>
<attributes itemClass="oracle.dbtools.crest.model.design.logical.Attribute">
<Attribute name="id_empleado" id="262A2F20-16E2-8135-4EAC-6EF1F3DA5922">
<createdBy>abdul</createdBy>
<createdTime>2025-08-23 21:52:24 UTC</createdTime>
<generatorID>CA4E5B8B-F8D1-69AB-1C39-BC849144827F</generatorID>
<ownerDesignName>BT_Airways_Model</ownerDesignName>
<engineerTo>
<item key="91F143E8-2BEE-E5E3-EFDE-BE024A739194" value="true"/>
</engineerTo>
<referedAttribute>BD86873E-F42B-EE26-293D-173069607883</referedAttribute>
<useDomainConstraints>false</useDomainConstraints>
<use>1</use>
<logicalDatatype>LOGDT019</logicalDatatype>
<ownDataTypeParameters>,,</ownDataTypeParameters>
</Attribute>
<Attribute name="horas_extra" id="7EE1E74E-5AD5-9ACB-7C70-E91D3BA74CB2">
<createdBy>abdul</createdBy>
<createdTime>2025-08-23 21:47:33 UTC</createdTime>
<ownerDesignName>BT_Airways_Model</ownerDesignName>
<engineerTo>
<item key="91F143E8-2BEE-E5E3-EFDE-BE024A739194" value="true"/>
</engineerTo>
<useDomainConstraints>false</useDomainConstraints>
<use>1</use>
<logicalDatatype>LOGDT008</logicalDatatype>
<ownDataTypeParameters>,,</ownDataTypeParameters>
</Attribute>
<Attribute name="afp" id="29EB5AD6-F4CD-E882-95F9-4299E6C185F8">
<createdBy>abdul</createdBy>
<createdTime>2025-08-23 21:47:48 UTC</createdTime>
<ownerDesignName>BT_Airways_Model</ownerDesignName>
<engineerTo>
<item key="91F143E8-2BEE-E5E3-EFDE-BE024A739194" value="true"/>
</engineerTo>
<useDomainConstraints>false</useDomainConstraints>
<use>1</use>
<logicalDatatype>LOGDT024</logicalDatatype>
<ownDataTypeParameters>,,</ownDataTypeParameters>
</Attribute>
</attributes>
<identifiers itemClass="oracle.dbtools.crest.model.design.logical.CandidateKey">
<identifier id="4316FFA6-E029-97E4-C495-A501597EABC5" name="ADMINISTRATIVOS PK">
<createdBy>abdul</createdBy>
<createdTime>2025-08-23 21:52:44 UTC</createdTime>
<ownerDesignName>BT_Airways_Model</ownerDesignName>
<engineerTo>
<item key="91F143E8-2BEE-E5E3-EFDE-BE024A739194" value="true"/>
</engineerTo>
<pk>true</pk>
<usedAttributes>
<attributeRef>262A2F20-16E2-8135-4EAC-6EF1F3DA5922</attributeRef>
</usedAttributes>
</identifier>
</identifiers>
</Entity>