<?xml version = '1.0' encoding = 'UTF-8'?>
<Entity class="oracle.dbtools.crest.model.design.logical.Entity" directorySegmentName="seg_0" id="939725D6-2B14-F513-037A-1B68FF2C7954" name="VUELO">
<createdBy>abdul</createdBy>
<createdTime>2025-08-23 20:41:11 UTC</createdTime>
<ownerDesignName>BT_Airways_Model</ownerDesignName>
<engineerTo>
<item key="91F143E8-2BEE-E5E3-EFDE-BE024A739194" value="true"/>
</engineerTo>
<adequatelyNormalized>NO</adequatelyNormalized>
<expectedVolumes>0</expectedVolumes>
<fwdEngineeringStrategyName>Single Table</fwdEngineeringStrategyName>
<growthPercent>0</growthPercent>
<growthType>Year</growthType>
<maxVolumes>9999999</maxVolumes>
<minVolumes>0</minVolumes>
<normalForm>Third</normalForm>
<attributes itemClass="oracle.dbtools.crest.model.design.logical.Attribute">
<Attribute name="id_vuelo" id="B7D60D04-D649-A96D-7806-546605B83CE9">
<createdBy>abdul</createdBy>
<createdTime>2025-08-23 20:41:16 UTC</createdTime>
<ownerDesignName>BT_Airways_Model</ownerDesignName>
<engineerTo>
<item key="91F143E8-2BEE-E5E3-EFDE-BE024A739194" value="true"/>
</engineerTo>
<useDomainConstraints>false</useDomainConstraints>
<use>1</use>
<logicalDatatype>LOGDT019</logicalDatatype>
<ownDataTypeParameters>,,</ownDataTypeParameters>
</Attribute>
<Attribute name="num_vuelo" id="80EF9111-AC98-3627-929B-61AE703E8DB7">
<createdBy>abdul</createdBy>
<createdTime>2025-08-23 20:45:55 UTC</createdTime>
<ownerDesignName>BT_Airways_Model</ownerDesignName>
<engineerTo>
<item key="91F143E8-2BEE-E5E3-EFDE-BE024A739194" value="true"/>
</engineerTo>
<useDomainConstraints>false</useDomainConstraints>
<use>1</use>
<logicalDatatype>LOGDT019</logicalDatatype>
<ownDataTypeParameters>,,</ownDataTypeParameters>
</Attribute>
<Attribute name="fecha_despegue" id="73FCAA18-8526-A338-88FC-B737F9873768">
<createdBy>abdul</createdBy>
<createdTime>2025-08-23 20:45:12 UTC</createdTime>
<ownerDesignName>BT_Airways_Model</ownerDesignName>
<engineerTo>
<item key="91F143E8-2BEE-E5E3-EFDE-BE024A739194" value="true"/>
</engineerTo>
<useDomainConstraints>false</useDomainConstraints>
<use>1</use>
<logicalDatatype>LOGDT007</logicalDatatype>
<ownDataTypeParameters>,,</ownDataTypeParameters>
</Attribute>
<Attribute name="fecha_llegada" id="1F8FB8DA-053E-FEFB-B431-FA76CE57DC41">
<createdBy>abdul</createdBy>
<createdTime>2025-08-23 20:45:25 UTC</createdTime>
<ownerDesignName>BT_Airways_Model</ownerDesignName>
<engineerTo>
<item key="91F143E8-2BEE-E5E3-EFDE-BE024A739194" value="true"/>
</engineerTo>
<useDomainConstraints>false</useDomainConstraints>
<use>1</use>
<logicalDatatype>LOGDT007</logicalDatatype>
<ownDataTypeParameters>,,</ownDataTypeParameters>
</Attribute>
<Attribute name="hora_salida" id="A02A9721-9CE3-4204-C169-37B5E89E0A22">
<createdBy>abdul</createdBy>
<createdTime>2025-08-23 20:46:47 UTC</createdTime>
<ownerDesignName>BT_Airways_Model</ownerDesignName>
<engineerTo>
<item key="91F143E8-2BEE-E5E3-EFDE-BE024A739194" value="true"/>
</engineerTo>
<useDomainConstraints>false</useDomainConstraints>
<use>1</use>
<logicalDatatype>LOGDT008</logicalDatatype>
<ownDataTypeParameters>,,</ownDataTypeParameters>
</Attribute>
<Attribute name="ciudad_origen" id="24947C51-26A2-1FC7-F5EE-5BBA61C16D20">
<createdBy>abdul</createdBy>
<createdTime>2025-08-23 20:47:02 UTC</createdTime>
<ownerDesignName>BT_Airways_Model</ownerDesignName>
<engineerTo>
<item key="91F143E8-2BEE-E5E3-EFDE-BE024A739194" value="true"/>
</engineerTo>
<useDomainConstraints>false</useDomainConstraints>
<use>1</use>
<logicalDatatype>LOGDT024</logicalDatatype>
<ownDataTypeParameters>,,</ownDataTypeParameters>
</Attribute>
<Attribute name="ciudad_destino" id="F79F2044-262B-CD58-6179-48896B6380FA">
<createdBy>abdul</createdBy>
<createdTime>2025-08-23 20:45:37 UTC</createdTime>
<ownerDesignName>BT_Airways_Model</ownerDesignName>
<engineerTo>
<item key="91F143E8-2BEE-E5E3-EFDE-BE024A739194" value="true"/>
</engineerTo>
<useDomainConstraints>false</useDomainConstraints>
<use>1</use>
<logicalDatatype>LOGDT024</logicalDatatype>
<ownDataTypeParameters>,,</ownDataTypeParameters>
</Attribute>
<Attribute name="id_avion" id="82EBDDBF-638D-5C9D-06AD-67F011FF75FA">
<createdBy>abdul</createdBy>
<createdTime>2025-08-23 21:41:21 UTC</createdTime>
<generatorID>6464A83F-6E67-A856-ABC6-A00FBB8513ED</generatorID>
<ownerDesignName>BT_Airways_Model</ownerDesignName>
<engineerTo>
<item key="91F143E8-2BEE-E5E3-EFDE-BE024A739194" value="true"/>
</engineerTo>
<referedAttribute>D861CD97-5952-82D3-5522-EF5310C0FF18</referedAttribute>
<useDomainConstraints>false</useDomainConstraints>
<use>1</use>
<logicalDatatype>LOGDT019</logicalDatatype>
<ownDataTypeParameters>,,</ownDataTypeParameters>
</Attribute>
</attributes>
<identifiers itemClass="oracle.dbtools.crest.model.design.logical.CandidateKey">
<identifier id="E3C80835-DACD-3BD1-135E-9334A5DF9AEE" name="VUELO PK">
<createdBy>abdul</createdBy>
<createdTime>2025-08-23 20:41:21 UTC</createdTime>
<ownerDesignName>BT_Airways_Model</ownerDesignName>
<engineerTo>
<item key="91F143E8-2BEE-E5E3-EFDE-BE024A739194" value="true"/>
</engineerTo>
<pk>true</pk>
<usedAttributes>
<attributeRef>B7D60D04-D649-A96D-7806-546605B83CE9</attributeRef>
</usedAttributes>
</identifier>
</identifiers>
</Entity>