<?xml version = '1.0' encoding = 'UTF-8'?>
<Diagram class="oracle.dbtools.crest.swingui.logical.DPVLogical" name="Logical" id="5E8F9024-F30E-0B1B-245D-4B2269B9FA02">
<createdBy>abdul</createdBy>
<modifiedBy>abdul</modifiedBy>
<createdTime>2025-08-31 07:11:48 UTC</createdTime>
<autoRoute>false</autoRoute>
<boxInbox>false</boxInbox>
<showLegend>false</showLegend>
<showLabels>false</showLabels>
<showRelAttributes>false</showRelAttributes>
<gridEnabled>false</gridEnabled>
<showGrid>false</showGrid>
<diagramColor>-1</diagramColor>
<display>false</display>
<notation>0</notation>
<objectViews>
<OView class="oracle.dbtools.crest.swingui.logical.TVEntity" oid="0081370D-DEAC-AD2E-67FD-4BCADBF42BAB" otype="Entity" vid="2BE8743A-4919-EB86-452E-8A077E7EF4AB">
<hideElementsInCurrentOnly>false</hideElementsInCurrentOnly>
<bounds x="1351" y="25" width="157" height="115"/>
</OView>
<OView class="oracle.dbtools.crest.swingui.logical.TVEntity" oid="030D96C9-8C5A-CE26-2F9D-7BF04D6EAEBA" otype="Entity" vid="6B893FC3-7B8C-C6E4-E4CF-1FA831204E39">
<hideElementsInCurrentOnly>false</hideElementsInCurrentOnly>
<bounds x="58" y="174" width="142" height="117"/>
</OView>
<OView class="oracle.dbtools.crest.swingui.logical.TVEntity" oid="2442E6B2-4C80-139A-90A2-1906E123708A" otype="Entity" vid="628983F2-8A7F-15D4-7C9F-68020DC19DAB">
<hideElementsInCurrentOnly>false</hideElementsInCurrentOnly>
<bounds x="305" y="5" width="200" height="247"/>
</OView>
<OView class="oracle.dbtools.crest.swingui.logical.TVEntity" oid="26F8BDAD-A568-6509-60DE-F24C43710F2F" otype="Entity" vid="EA564098-D84F-8E85-C2EB-5328CA6F7DCB">
<hideElementsInCurrentOnly>false</hideElementsInCurrentOnly>
<bounds x="769" y="299" width="195" height="240"/>
</OView>
<OView class="oracle.dbtools.crest.swingui.logical.TVEntity" oid="2C117852-0A2A-6882-B4E5-544AC0E6106F" otype="Entity" vid="42E356F9-75EB-EE5E-5DFB-924F8A8A0B3D">
<hideElementsInCurrentOnly>false</hideElementsInCurrentOnly>
<bounds x="1080" y="10" width="188" height="252"/>
</OView>
<OView class="oracle.dbtools.crest.swingui.logical.TVEntity" oid="2E2EE58C-63E5-AFBB-37F1-EA334F39CF6E" otype="Entity" vid="CD5A7CA8-23EA-E299-D3CD-CF05AC76E490">
<hideElementsInCurrentOnly>false</hideElementsInCurrentOnly>
<bounds x="778" y="607" width="182" height="233"/>
</OView>
<OView class="oracle.dbtools.crest.swingui.logical.TVEntity" oid="35411ADF-3382-C2F7-9F9B-43E23818D418" otype="Entity" vid="14E67F9C-5249-F999-910A-A6A72C0C4981">
<hideElementsInCurrentOnly>false</hideElementsInCurrentOnly>
<bounds x="699" y="15" width="257" height="231"/>
</OView>
<OView class="oracle.dbtools.crest.swingui.logical.TVEntity" oid="3E4B9C24-DF5B-D912-03C2-F4EC074F1DC6" otype="Entity" vid="4A3375A4-73E9-FE40-1635-D4BE17E83EA2">
<hideElementsInCurrentOnly>false</hideElementsInCurrentOnly>
<bounds x="456" y="383" width="230" height="230"/>
</OView>
<OView class="oracle.dbtools.crest.swingui.logical.TVEntity" oid="424308C1-276A-4B63-CAD1-821C689F695F" otype="Entity" vid="EC7250DC-297F-CE60-9190-7509B7B262B4">
<hideElementsInCurrentOnly>false</hideElementsInCurrentOnly>
<bounds x="54" y="19" width="136" height="107"/>
</OView>
<OView class="oracle.dbtools.crest.swingui.logical.TVEntity" oid="4A4CBC20-A84B-5313-BB96-EDFB14D0131F" otype="Entity" vid="F1C94930-F78F-D6AD-83B5-5549BF5D15F4">
<hideElementsInCurrentOnly>false</hideElementsInCurrentOnly>
<bounds x="1349" y="153" width="146" height="111"/>
</OView>
<OView class="oracle.dbtools.crest.swingui.logical.TVEntity" oid="69106403-02AD-2F81-3142-7D3EA3037607" otype="Entity" vid="74E35565-EE46-C2D2-6715-BB3B5D0D8F4C">
<hideElementsInCurrentOnly>false</hideElementsInCurrentOnly>
<bounds x="527" y="24" width="123" height="105"/>
</OView>
<OView class="oracle.dbtools.crest.swingui.logical.TVEntity" oid="791F60FA-0638-5E22-C67B-7441746292AD" otype="Entity" vid="1191C66E-5878-3D0C-C3F7-44B8A740B069">
<hideElementsInCurrentOnly>false</hideElementsInCurrentOnly>
<bounds x="1066" y="321" width="211" height="231"/>
</OView>
<OView class="oracle.dbtools.crest.swingui.logical.TVEntity" oid="83070E37-86FD-E65F-B196-38ED641A9B9F" otype="Entity" vid="33080B40-CE29-0AFD-2935-C8ED16526E1E">
<hideElementsInCurrentOnly>false</hideElementsInCurrentOnly>
<bounds x="531" y="142" width="125" height="106"/>
</OView>
</objectViews>
<connectors>
<Connector class="oracle.dbtools.crest.swingui.logical.TVInheritanceRelation" oid="3198E4D1-A54F-7DCA-27BC-15ED8281E762" otype="Hierarchy relation" vid_source="628983F2-8A7F-15D4-7C9F-68020DC19DAB" vid_target="EC7250DC-297F-CE60-9190-7509B7B262B4">
<hideElementsInCurrentOnly>false</hideElementsInCurrentOnly>
<backgroundColor>-65536</backgroundColor>
<lineWidth>1</lineWidth>
<points>
<point x="305" y="57"/>
<point x="190" y="57"/>
</points>
</Connector>
<Connector class="oracle.dbtools.crest.swingui.logical.TVRelation" oid="4820852E-E3FF-42F3-9996-55557C7A9C98" otype="Relation" vid_source="42E356F9-75EB-EE5E-5DFB-924F8A8A0B3D" vid_target="1191C66E-5878-3D0C-C3F7-44B8A740B069">
<hideElementsInCurrentOnly>false</hideElementsInCurrentOnly>
<backgroundColor>-16777216</backgroundColor>
<lineWidth>1</lineWidth>
<points>
<point x="1174" y="262"/>
<point x="1174" y="321"/>
</points>
</Connector>
<Connector class="oracle.dbtools.crest.swingui.logical.TVInheritanceRelation" oid="605A87AF-136F-4971-C5F1-151EEF89E8C6" otype="Hierarchy relation" vid_source="42E356F9-75EB-EE5E-5DFB-924F8A8A0B3D" vid_target="2BE8743A-4919-EB86-452E-8A077E7EF4AB">
<hideElementsInCurrentOnly>false</hideElementsInCurrentOnly>
<backgroundColor>-65536</backgroundColor>
<lineWidth>1</lineWidth>
<points>
<point x="1268" y="82"/>
<point x="1351" y="82"/>
</points>
</Connector>
<Connector class="oracle.dbtools.crest.swingui.logical.TVRelation" oid="6B8341F6-5357-4A76-B1F2-D3CD243EFD49" otype="Relation" vid_source="EA564098-D84F-8E85-C2EB-5328CA6F7DCB" vid_target="1191C66E-5878-3D0C-C3F7-44B8A740B069">
<hideElementsInCurrentOnly>false</hideElementsInCurrentOnly>
<backgroundColor>-16777216</backgroundColor>
<lineWidth>1</lineWidth>
<points>
<point x="964" y="430"/>
<point x="1066" y="430"/>
</points>
</Connector>
<Connector class="oracle.dbtools.crest.swingui.logical.TVInheritanceRelation" oid="6D697CCD-801C-A570-5060-4CD13D2079FA" otype="Hierarchy relation" vid_source="628983F2-8A7F-15D4-7C9F-68020DC19DAB" vid_target="6B893FC3-7B8C-C6E4-E4CF-1FA831204E39">
<hideElementsInCurrentOnly>false</hideElementsInCurrentOnly>
<backgroundColor>-65536</backgroundColor>
<lineWidth>1</lineWidth>
<points>
<point x="305" y="213"/>
<point x="200" y="213"/>
</points>
</Connector>
<Connector class="oracle.dbtools.crest.swingui.logical.TVRelation" oid="9B68D99E-66EE-1562-EB38-8972A0931FD5" otype="Relation" vid_source="CD5A7CA8-23EA-E299-D3CD-CF05AC76E490" vid_target="EA564098-D84F-8E85-C2EB-5328CA6F7DCB">
<hideElementsInCurrentOnly>false</hideElementsInCurrentOnly>
<backgroundColor>-16777216</backgroundColor>
<lineWidth>1</lineWidth>
<points>
<point x="869" y="607"/>
<point x="869" y="539"/>
</points>
</Connector>
<Connector class="oracle.dbtools.crest.swingui.logical.TVRelation" oid="A481A3DF-5E7D-C025-BB8C-F676F534F67E" otype="Relation" vid_source="14E67F9C-5249-F999-910A-A6A72C0C4981" vid_target="42E356F9-75EB-EE5E-5DFB-924F8A8A0B3D">
<hideElementsInCurrentOnly>false</hideElementsInCurrentOnly>
<backgroundColor>-16777216</backgroundColor>
<lineWidth>1</lineWidth>
<points>
<point x="956" y="130"/>
<point x="1080" y="130"/>
</points>
</Connector>
<Connector class="oracle.dbtools.crest.swingui.logical.TVRelation" oid="B1938CBC-F0DB-69F1-ACF5-9AE727A9F87B" otype="Relation" vid_source="EC7250DC-297F-CE60-9190-7509B7B262B4" vid_target="EC7250DC-297F-CE60-9190-7509B7B262B4">
<hideElementsInCurrentOnly>false</hideElementsInCurrentOnly>
<backgroundColor>-16777216</backgroundColor>
<lineWidth>1</lineWidth>
<points>
<point x="190" y="81"/>
<point x="215" y="81"/>
<point x="215" y="151"/>
<point x="134" y="151"/>
<point x="134" y="126"/>
</points>
</Connector>
<Connector class="oracle.dbtools.crest.swingui.logical.TVInheritanceRelation" oid="B3CC044C-2AFA-EA34-3E02-C7BA86A34CCC" otype="Hierarchy relation" vid_source="42E356F9-75EB-EE5E-5DFB-924F8A8A0B3D" vid_target="F1C94930-F78F-D6AD-83B5-5549BF5D15F4">
<hideElementsInCurrentOnly>false</hideElementsInCurrentOnly>
<backgroundColor>-65536</backgroundColor>
<lineWidth>1</lineWidth>
<points>
<point x="1268" y="207"/>
<point x="1349" y="207"/>
</points>
</Connector>
<Connector class="oracle.dbtools.crest.swingui.logical.TVRelation" oid="B9BF9796-8345-2962-0FA4-9DB093AC332D" otype="Relation" vid_source="4A3375A4-73E9-FE40-1635-D4BE17E83EA2" vid_target="628983F2-8A7F-15D4-7C9F-68020DC19DAB">
<hideElementsInCurrentOnly>false</hideElementsInCurrentOnly>
<backgroundColor>-16777216</backgroundColor>
<lineWidth>1</lineWidth>
<points>
<point x="480" y="383"/>
<point x="480" y="252"/>
</points>
</Connector>
<Connector class="oracle.dbtools.crest.swingui.logical.TVRelation" oid="BD46CAA9-B037-1A36-1D0F-2833CDC1A6EE" otype="Relation" vid_source="4A3375A4-73E9-FE40-1635-D4BE17E83EA2" vid_target="14E67F9C-5249-F999-910A-A6A72C0C4981">
<hideElementsInCurrentOnly>false</hideElementsInCurrentOnly>
<backgroundColor>-16777216</backgroundColor>
<lineWidth>1</lineWidth>
<points>
<point x="651" y="383"/>
<point x="746" y="246"/>
</points>
</Connector>
<Connector class="oracle.dbtools.crest.swingui.logical.TVInheritanceRelation" oid="C0E10F8A-8D50-315B-ACC0-00BCBC6F2E14" otype="Hierarchy relation" vid_source="14E67F9C-5249-F999-910A-A6A72C0C4981" vid_target="33080B40-CE29-0AFD-2935-C8ED16526E1E">
<hideElementsInCurrentOnly>false</hideElementsInCurrentOnly>
<backgroundColor>-65536</backgroundColor>
<lineWidth>1</lineWidth>
<points>
<point x="699" y="194"/>
<point x="656" y="195"/>
</points>
</Connector>
<Connector class="oracle.dbtools.crest.swingui.logical.TVInheritanceRelation" oid="D2C5A5F0-DF79-4E48-1E02-554278BA6586" otype="Hierarchy relation" vid_source="14E67F9C-5249-F999-910A-A6A72C0C4981" vid_target="74E35565-EE46-C2D2-6715-BB3B5D0D8F4C">
<hideElementsInCurrentOnly>false</hideElementsInCurrentOnly>
<backgroundColor>-65536</backgroundColor>
<lineWidth>1</lineWidth>
<points>
<point x="699" y="46"/>
<point x="650" y="46"/>
</points>
</Connector>
</connectors>
<arcs>
<Arc class="oracle.dbtools.crest.swingui.logical.TVArc" oid="2F52C326-CDE2-00A9-4AB0-84CCFC6C5C10" otype="Arc" vid="1F50FC8E-E0BF-45D5-D38C-BB916ADFD3B2">
<hideElementsInCurrentOnly>false</hideElementsInCurrentOnly>
<bounds x="1060" y="-10" width="228" height="292"/>
</Arc>
<Arc class="oracle.dbtools.crest.swingui.logical.TVArc" oid="70559EBB-E560-761A-DD1C-4A034FE16D1D" otype="Arc" vid="9A821A23-3FC2-5649-F54D-E8B464A116BD">
<hideElementsInCurrentOnly>false</hideElementsInCurrentOnly>
<bounds x="679" y="-5" width="297" height="271"/>
</Arc>
<Arc class="oracle.dbtools.crest.swingui.logical.TVArc" oid="D13E9D8A-769F-704B-2BF9-868CB45C37CE" otype="Arc" vid="237A8CDA-CBC3-1B89-8837-E73EEF01289D">
<hideElementsInCurrentOnly>false</hideElementsInCurrentOnly>
<bounds x="285" y="-15" width="240" height="287"/>
</Arc>
</arcs>
</Diagram>