<?xml version = '1.0' encoding = 'UTF-8'?>
<relationalModel class="oracle.dbtools.crest.model.design.relational.RelationalDesign" name="Relational_1" id="925B1772-7B55-CB09-6532-FBE87F1E4833" mainViewID="F4F06C23-5111-C8BB-81B3-077A15C1BB89">
<createdBy>abdul</createdBy>
<createdTime>2025-08-31 07:07:05 UTC</createdTime>
<ownerDesignName>Vivir_Mejor_Residencia</ownerDesignName>
<shouldBeOpen>false</shouldBeOpen>
<selectedRDBMSSite>32076570-2523-435C-2E92-BF29817DFF70</selectedRDBMSSite>
</relationalModel>