<?xml version = '1.0' encoding = 'UTF-8'?>
<Diagram class="oracle.dbtools.crest.swingui.logical.DPVLogical" name="Logical" id="4EF1F547-E8E8-1B92-A57B-988DF434EEAF">
<createdBy>abdul</createdBy>
<modifiedBy>abdul</modifiedBy>
<createdTime>2025-08-23 20:32:44 UTC</createdTime>
<autoRoute>false</autoRoute>
<boxInbox>true</boxInbox>
<showLegend>false</showLegend>
<showLabels>false</showLabels>
<showRelAttributes>false</showRelAttributes>
<gridEnabled>false</gridEnabled>
<showGrid>false</showGrid>
<diagramColor>-1</diagramColor>
<display>false</display>
<notation>1</notation>
<objectViews>
<OView class="oracle.dbtools.crest.swingui.logical.TVEntity" oid="16FE723F-E003-790E-6063-31E454724195" otype="Entity" vid="60D1B20B-BCE5-D042-ADBC-2DBDE501192B">
<hideElementsInCurrentOnly>false</hideElementsInCurrentOnly>
<bounds x="1036" y="317" width="181" height="225"/>
</OView>
<OView class="oracle.dbtools.crest.swingui.logical.TVEntity" oid="29219542-BAA3-66EE-6679-CA9F161A2A0A" otype="Entity" vid="E311000E-8B15-7EDE-86EA-C2C5A63C0F1D">
<hideElementsInCurrentOnly>false</hideElementsInCurrentOnly>
<bounds x="700" y="17" width="204" height="217"/>
</OView>
<OView class="oracle.dbtools.crest.swingui.logical.TVEntity" oid="61DA70AA-5678-9380-F228-5EC39C37E40F" otype="Entity" vid="8055531D-8B7F-DBBD-1E09-70CE1DBB1E47">
<hideElementsInCurrentOnly>false</hideElementsInCurrentOnly>
<bounds x="407" y="444" width="193" height="89"/>
</OView>
<OView class="oracle.dbtools.crest.swingui.logical.TVEntity" oid="7DF94570-4690-4CBA-BD29-0E89CE96494F" otype="Entity" vid="B24578BF-D15C-EA40-4CE0-1FC59B6567F2">
<hideElementsInCurrentOnly>false</hideElementsInCurrentOnly>
<bounds x="421" y="320" width="170" height="87"/>
</OView>
<OView class="oracle.dbtools.crest.swingui.logical.TVEntity" oid="939725D6-2B14-F513-037A-1B68FF2C7954" otype="Entity" vid="864D8B5B-297A-F88C-A1F7-E7DAA7D04522">
<hideElementsInCurrentOnly>false</hideElementsInCurrentOnly>
<bounds x="390" y="13" width="186" height="218"/>
</OView>
<OView class="oracle.dbtools.crest.swingui.logical.TVEntity" oid="9A2E023F-E403-D886-9354-DDC0C54E8E7A" otype="Entity" vid="37C9AD00-EB11-F9C9-9EEC-79BCD2D0BA2A">
<hideElementsInCurrentOnly>false</hideElementsInCurrentOnly>
<bounds x="1020" y="12" width="272" height="222"/>
</OView>
<OView class="oracle.dbtools.crest.swingui.logical.TVEntity" oid="E9C8BAF2-D999-A6DA-5DB8-4F700B82E538" otype="Entity" vid="5FCB5F3A-05D5-89C9-024C-45105DA26A45">
<hideElementsInCurrentOnly>false</hideElementsInCurrentOnly>
<bounds x="40" y="18" width="200" height="191"/>
</OView>
<OView class="oracle.dbtools.crest.swingui.logical.TVEntity" oid="FBC8F807-CF24-7066-FE78-6F695E0B1868" otype="Entity" vid="7B52D128-EB39-082E-5E91-963FAC2D6419">
<hideElementsInCurrentOnly>false</hideElementsInCurrentOnly>
<bounds x="707" y="319" width="190" height="224"/>
</OView>
</objectViews>
<connectors>
<Connector class="oracle.dbtools.crest.swingui.logical.TVRelation" oid="43AE6555-AE03-255E-1D95-B6F1641E3FAC" otype="Relation" vid_source="37C9AD00-EB11-F9C9-9EEC-79BCD2D0BA2A" vid_target="E311000E-8B15-7EDE-86EA-C2C5A63C0F1D">
<hideElementsInCurrentOnly>false</hideElementsInCurrentOnly>
<backgroundColor>-16777216</backgroundColor>
<lineWidth>1</lineWidth>
<points>
<point x="1020" y="110"/>
<point x="904" y="110"/>
</points>
</Connector>
<Connector class="oracle.dbtools.crest.swingui.logical.TVRelation" oid="6464A83F-6E67-A856-ABC6-A00FBB8513ED" otype="Relation" vid_source="5FCB5F3A-05D5-89C9-024C-45105DA26A45" vid_target="864D8B5B-297A-F88C-A1F7-E7DAA7D04522">
<hideElementsInCurrentOnly>false</hideElementsInCurrentOnly>
<backgroundColor>-16777216</backgroundColor>
<lineWidth>1</lineWidth>
<points>
<point x="240" y="113"/>
<point x="390" y="113"/>
</points>
</Connector>
<Connector class="oracle.dbtools.crest.swingui.logical.TVRelation" oid="789F80AC-35C1-CD00-4167-91158D2F8960" otype="Relation" vid_source="7B52D128-EB39-082E-5E91-963FAC2D6419" vid_target="B24578BF-D15C-EA40-4CE0-1FC59B6567F2">
<hideElementsInCurrentOnly>false</hideElementsInCurrentOnly>
<backgroundColor>-16777216</backgroundColor>
<lineWidth>1</lineWidth>
<points>
<point x="707" y="363"/>
<point x="591" y="363"/>
</points>
</Connector>
<Connector class="oracle.dbtools.crest.swingui.logical.TVRelation" oid="A00EE08E-FC16-8B9E-C1B0-4EB370BD7752" otype="Relation" vid_source="7B52D128-EB39-082E-5E91-963FAC2D6419" vid_target="E311000E-8B15-7EDE-86EA-C2C5A63C0F1D">
<hideElementsInCurrentOnly>false</hideElementsInCurrentOnly>
<backgroundColor>-16777216</backgroundColor>
<lineWidth>1</lineWidth>
<points>
<point x="802" y="319"/>
<point x="802" y="234"/>
</points>
</Connector>
<Connector class="oracle.dbtools.crest.swingui.logical.TVRelation" oid="BC3EC231-6046-FEAF-BFD6-76A1F7027968" otype="Relation" vid_source="37C9AD00-EB11-F9C9-9EEC-79BCD2D0BA2A" vid_target="60D1B20B-BCE5-D042-ADBC-2DBDE501192B">
<hideElementsInCurrentOnly>false</hideElementsInCurrentOnly>
<backgroundColor>-16777216</backgroundColor>
<lineWidth>1</lineWidth>
<points>
<point x="1126" y="234"/>
<point x="1126" y="317"/>
</points>
</Connector>
<Connector class="oracle.dbtools.crest.swingui.logical.TVRelation" oid="C70A65BB-7285-C80D-F9CF-56FA95C5FDCA" otype="Relation" vid_source="864D8B5B-297A-F88C-A1F7-E7DAA7D04522" vid_target="E311000E-8B15-7EDE-86EA-C2C5A63C0F1D">
<hideElementsInCurrentOnly>false</hideElementsInCurrentOnly>
<backgroundColor>-16777216</backgroundColor>
<lineWidth>1</lineWidth>
<points>
<point x="576" y="124"/>
<point x="700" y="124"/>
</points>
</Connector>
<Connector class="oracle.dbtools.crest.swingui.logical.TVRelation" oid="CA4E5B8B-F8D1-69AB-1C39-BC849144827F" otype="Relation" vid_source="7B52D128-EB39-082E-5E91-963FAC2D6419" vid_target="8055531D-8B7F-DBBD-1E09-70CE1DBB1E47">
<hideElementsInCurrentOnly>false</hideElementsInCurrentOnly>
<backgroundColor>-16777216</backgroundColor>
<lineWidth>1</lineWidth>
<points>
<point x="707" y="488"/>
<point x="600" y="488"/>
</points>
</Connector>
</connectors>
</Diagram>