<?xml version = '1.0' encoding = 'UTF-8'?>
<Entity class="oracle.dbtools.crest.model.design.logical.Entity" directorySegmentName="seg_0" id="2C117852-0A2A-6882-B4E5-544AC0E6106F" name="RESIDENTE">
<createdBy>abdul</createdBy>
<createdTime>2025-08-31 07:14:45 UTC</createdTime>
<ownerDesignName>Vivir_Mejor_Residencia</ownerDesignName>
<engineerTo>
<item key="925B1772-7B55-CB09-6532-FBE87F1E4833" value="true"/>
</engineerTo>
<adequatelyNormalized>NO</adequatelyNormalized>
<expectedVolumes>0</expectedVolumes>
<fwdEngineeringStrategyName>Single Table</fwdEngineeringStrategyName>
<growthPercent>0</growthPercent>
<growthType>Year</growthType>
<maxVolumes>9999999</maxVolumes>
<minVolumes>0</minVolumes>
<normalForm>Third</normalForm>
<discriminatorAttributeID>97B67D4D-69C1-F610-AA20-CF196EBDFE19</discriminatorAttributeID>
<attributes itemClass="oracle.dbtools.crest.model.design.logical.Attribute">
<Attribute name="id_residente" id="95BF86D1-0D19-9FAE-834F-AC116E62A3FE">
<createdBy>abdul</createdBy>
<createdTime>2025-08-31 07:34:47 UTC</createdTime>
<ownerDesignName>Vivir_Mejor_Residencia</ownerDesignName>
<engineerTo>
<item key="925B1772-7B55-CB09-6532-FBE87F1E4833" value="true"/>
</engineerTo>
<useDomainConstraints>false</useDomainConstraints>
<use>1</use>
<logicalDatatype>LOGDT019</logicalDatatype>
<ownDataTypeParameters>,,</ownDataTypeParameters>
</Attribute>
<Attribute name="rut" id="05E6B818-A933-D10F-9949-2E97217A6F01">
<createdBy>abdul</createdBy>
<createdTime>2025-08-31 08:06:31 UTC</createdTime>
<ownerDesignName>Vivir_Mejor_Residencia</ownerDesignName>
<engineerTo>
<item key="925B1772-7B55-CB09-6532-FBE87F1E4833" value="true"/>
</engineerTo>
<useDomainConstraints>false</useDomainConstraints>
<use>1</use>
<logicalDatatype>LOGDT024</logicalDatatype>
<ownDataTypeParameters>,,</ownDataTypeParameters>
</Attribute>
<Attribute name="nombre" id="ED631ED5-925F-6800-63D9-68CEE70AE2E2">
<createdBy>abdul</createdBy>
<createdTime>2025-08-31 07:34:58 UTC</createdTime>
<ownerDesignName>Vivir_Mejor_Residencia</ownerDesignName>
<engineerTo>
<item key="925B1772-7B55-CB09-6532-FBE87F1E4833" value="true"/>
</engineerTo>
<useDomainConstraints>false</useDomainConstraints>
<use>1</use>
<logicalDatatype>LOGDT024</logicalDatatype>
<ownDataTypeParameters>,,</ownDataTypeParameters>
</Attribute>
<Attribute name="fecha_nacimiento" id="A9D5BECB-F9C3-D38B-7C7E-D348F3B85495">
<createdBy>abdul</createdBy>
<createdTime>2025-08-31 07:35:07 UTC</createdTime>
<ownerDesignName>Vivir_Mejor_Residencia</ownerDesignName>
<engineerTo>
<item key="925B1772-7B55-CB09-6532-FBE87F1E4833" value="true"/>
</engineerTo>
<useDomainConstraints>false</useDomainConstraints>
<use>1</use>
<logicalDatatype>LOGDT007</logicalDatatype>
<ownDataTypeParameters>,,</ownDataTypeParameters>
</Attribute>
<Attribute name="autonomia" id="0B4900C9-837A-F1C1-6F6E-3DDB7BBD4EB0">
<createdBy>abdul</createdBy>
<createdTime>2025-08-31 07:35:18 UTC</createdTime>
<ownerDesignName>Vivir_Mejor_Residencia</ownerDesignName>
<engineerTo>
<item key="925B1772-7B55-CB09-6532-FBE87F1E4833" value="true"/>
</engineerTo>
<useDomainConstraints>false</useDomainConstraints>
<use>1</use>
<logicalDatatype>LOGDT024</logicalDatatype>
<ownDataTypeParameters>,,</ownDataTypeParameters>
</Attribute>
<Attribute name="id_habitacion" id="4EEF4790-6066-A17D-744B-5711F819D93C">
<createdBy>abdul</createdBy>
<createdTime>2025-08-31 07:54:09 UTC</createdTime>
<generatorID>A481A3DF-5E7D-C025-BB8C-F676F534F67E</generatorID>
<ownerDesignName>Vivir_Mejor_Residencia</ownerDesignName>
<engineerTo>
<item key="925B1772-7B55-CB09-6532-FBE87F1E4833" value="true"/>
</engineerTo>
<referedAttribute>BA910A64-A15E-BB10-DB76-7B646C6C1E02</referedAttribute>
<useDomainConstraints>false</useDomainConstraints>
<use>1</use>
<logicalDatatype>LOGDT019</logicalDatatype>
<ownDataTypeParameters>,,</ownDataTypeParameters>
</Attribute>
<Attribute name="id_residencia" id="63F41796-26EC-8B08-93C1-B2DFF2A77A0B">
<createdBy>abdul</createdBy>
<createdTime>2025-08-31 07:59:46 UTC</createdTime>
<generatorID>A481A3DF-5E7D-C025-BB8C-F676F534F67E</generatorID>
<ownerDesignName>Vivir_Mejor_Residencia</ownerDesignName>
<engineerTo>
<item key="925B1772-7B55-CB09-6532-FBE87F1E4833" value="true"/>
</engineerTo>
<referedAttribute>49E55775-B33D-9282-247E-7AF5418EF30F</referedAttribute>
<useDomainConstraints>false</useDomainConstraints>
<use>1</use>
<logicalDatatype>LOGDT019</logicalDatatype>
<ownDataTypeParameters>,,</ownDataTypeParameters>
</Attribute>
<Attribute name="tipo_residente" id="97B67D4D-69C1-F610-AA20-CF196EBDFE19">
<createdBy>abdul</createdBy>
<createdTime>2025-08-31 08:06:57 UTC</createdTime>
<ownerDesignName>Vivir_Mejor_Residencia</ownerDesignName>
<engineerTo>
<item key="925B1772-7B55-CB09-6532-FBE87F1E4833" value="true"/>
</engineerTo>
<useDomainConstraints>false</useDomainConstraints>
<use>1</use>
<logicalDatatype>LOGDT024</logicalDatatype>
<ownDataTypeParameters>,,</ownDataTypeParameters>
</Attribute>
</attributes>
<identifiers itemClass="oracle.dbtools.crest.model.design.logical.CandidateKey">
<identifier id="C8D78325-A2DB-A80B-2064-409E2A9BF5BB" name="RESIDENTES PK">
<createdBy>abdul</createdBy>
<createdTime>2025-08-31 07:34:53 UTC</createdTime>
<ownerDesignName>Vivir_Mejor_Residencia</ownerDesignName>
<engineerTo>
<item key="925B1772-7B55-CB09-6532-FBE87F1E4833" value="true"/>
</engineerTo>
<pk>true</pk>
<usedAttributes>
<attributeRef>95BF86D1-0D19-9FAE-834F-AC116E62A3FE</attributeRef>
</usedAttributes>
</identifier>
</identifiers>
</Entity>