<?xml version = '1.0' encoding = 'UTF-8'?>
<Entity class="oracle.dbtools.crest.model.design.logical.Entity" directorySegmentName="seg_0" id="35411ADF-3382-C2F7-9F9B-43E23818D418" name="HABITACIONES">
<createdBy>abdul</createdBy>
<createdTime>2025-08-31 07:12:29 UTC</createdTime>
<ownerDesignName>Vivir_Mejor_Residencia</ownerDesignName>
<engineerTo>
<item key="925B1772-7B55-CB09-6532-FBE87F1E4833" value="true"/>
</engineerTo>
<adequatelyNormalized>NO</adequatelyNormalized>
<expectedVolumes>0</expectedVolumes>
<fwdEngineeringStrategyName>Single Table</fwdEngineeringStrategyName>
<growthPercent>0</growthPercent>
<growthType>Year</growthType>
<maxVolumes>9999999</maxVolumes>
<minVolumes>0</minVolumes>
<normalForm>Third</normalForm>
<discriminatorAttributeID>375DAE29-DD90-52EB-82BA-5469AFA352CC</discriminatorAttributeID>
<attributes itemClass="oracle.dbtools.crest.model.design.logical.Attribute">
<Attribute name="id_habitacion" id="BA910A64-A15E-BB10-DB76-7B646C6C1E02">
<createdBy>abdul</createdBy>
<createdTime>2025-08-31 07:31:20 UTC</createdTime>
<ownerDesignName>Vivir_Mejor_Residencia</ownerDesignName>
<engineerTo>
<item key="925B1772-7B55-CB09-6532-FBE87F1E4833" value="true"/>
</engineerTo>
<useDomainConstraints>false</useDomainConstraints>
<use>1</use>
<logicalDatatype>LOGDT019</logicalDatatype>
<ownDataTypeParameters>,,</ownDataTypeParameters>
</Attribute>
<Attribute name="numero" id="205BF280-A72C-744D-9875-655185EAE359">
<createdBy>abdul</createdBy>
<createdTime>2025-08-31 07:31:35 UTC</createdTime>
<ownerDesignName>Vivir_Mejor_Residencia</ownerDesignName>
<engineerTo>
<item key="925B1772-7B55-CB09-6532-FBE87F1E4833" value="true"/>
</engineerTo>
<useDomainConstraints>false</useDomainConstraints>
<use>1</use>
<logicalDatatype>LOGDT019</logicalDatatype>
<ownDataTypeParameters>,,</ownDataTypeParameters>
</Attribute>
<Attribute name="tipo" id="375DAE29-DD90-52EB-82BA-5469AFA352CC">
<createdBy>abdul</createdBy>
<createdTime>2025-08-31 07:32:59 UTC</createdTime>
<ownerDesignName>Vivir_Mejor_Residencia</ownerDesignName>
<engineerTo>
<item key="925B1772-7B55-CB09-6532-FBE87F1E4833" value="true"/>
</engineerTo>
<useDomainConstraints>false</useDomainConstraints>
<use>1</use>
<logicalDatatype>LOGDT019</logicalDatatype>
<ownDataTypeParameters>,,</ownDataTypeParameters>
</Attribute>
<Attribute name="id_residencia" id="49E55775-B33D-9282-247E-7AF5418EF30F">
<createdBy>abdul</createdBy>
<createdTime>2025-08-31 07:59:46 UTC</createdTime>
<generatorID>BD46CAA9-B037-1A36-1D0F-2833CDC1A6EE</generatorID>
<ownerDesignName>Vivir_Mejor_Residencia</ownerDesignName>
<engineerTo>
<item key="925B1772-7B55-CB09-6532-FBE87F1E4833" value="true"/>
</engineerTo>
<referedAttribute>47D5AA5E-10C3-07AC-F963-59B2EFF5962C</referedAttribute>
<useDomainConstraints>false</useDomainConstraints>
<use>1</use>
<logicalDatatype>LOGDT019</logicalDatatype>
<ownDataTypeParameters>,,</ownDataTypeParameters>
</Attribute>
</attributes>
<identifiers itemClass="oracle.dbtools.crest.model.design.logical.CandidateKey">
<identifier id="869B6D15-B736-C19F-9B21-2C76A15665FC" name="HABITACIONES PK">
<createdBy>abdul</createdBy>
<createdTime>2025-08-31 07:31:27 UTC</createdTime>
<ownerDesignName>Vivir_Mejor_Residencia</ownerDesignName>
<engineerTo>
<item key="925B1772-7B55-CB09-6532-FBE87F1E4833" value="true"/>
</engineerTo>
<pk>true</pk>
<usedAttributes>
<attributeRef>BA910A64-A15E-BB10-DB76-7B646C6C1E02</attributeRef>
<attributeRef>49E55775-B33D-9282-247E-7AF5418EF30F</attributeRef>
</usedAttributes>
</identifier>
</identifiers>
</Entity>