<?xml version = '1.0' encoding = 'UTF-8'?>
<Entity class="oracle.dbtools.crest.model.design.logical.Entity" directorySegmentName="seg_0" id="791F60FA-0638-5E22-C67B-7441746292AD" name="ANEXO">
<createdBy>abdul</createdBy>
<createdTime>2025-08-31 07:17:58 UTC</createdTime>
<ownerDesignName>Vivir_Mejor_Residencia</ownerDesignName>
<engineerTo>
<item key="925B1772-7B55-CB09-6532-FBE87F1E4833" value="true"/>
</engineerTo>
<adequatelyNormalized>NO</adequatelyNormalized>
<expectedVolumes>0</expectedVolumes>
<fwdEngineeringStrategyName>Single Table</fwdEngineeringStrategyName>
<growthPercent>0</growthPercent>
<growthType>Year</growthType>
<maxVolumes>9999999</maxVolumes>
<minVolumes>0</minVolumes>
<normalForm>Third</normalForm>
<attributes itemClass="oracle.dbtools.crest.model.design.logical.Attribute">
<Attribute name="id_anexo" id="2CEB2C32-07A4-DC2A-0891-F95E34D22DBD">
<createdBy>abdul</createdBy>
<createdTime>2025-08-31 07:41:03 UTC</createdTime>
<ownerDesignName>Vivir_Mejor_Residencia</ownerDesignName>
<engineerTo>
<item key="925B1772-7B55-CB09-6532-FBE87F1E4833" value="true"/>
</engineerTo>
<useDomainConstraints>false</useDomainConstraints>
<use>1</use>
<logicalDatatype>LOGDT019</logicalDatatype>
<ownDataTypeParameters>,,</ownDataTypeParameters>
</Attribute>
<Attribute name="fecha_inicio" id="D6BF8F48-4EA2-DB8D-E882-128DA3F245DE">
<createdBy>abdul</createdBy>
<createdTime>2025-08-31 07:41:12 UTC</createdTime>
<ownerDesignName>Vivir_Mejor_Residencia</ownerDesignName>
<engineerTo>
<item key="925B1772-7B55-CB09-6532-FBE87F1E4833" value="true"/>
</engineerTo>
<useDomainConstraints>false</useDomainConstraints>
<use>1</use>
<logicalDatatype>LOGDT007</logicalDatatype>
<ownDataTypeParameters>,,</ownDataTypeParameters>
</Attribute>
<Attribute name="fecha_salida" id="5B4FC708-3E74-ED03-D083-D52AC5792735">
<createdBy>abdul</createdBy>
<createdTime>2025-08-31 07:42:23 UTC</createdTime>
<ownerDesignName>Vivir_Mejor_Residencia</ownerDesignName>
<engineerTo>
<item key="925B1772-7B55-CB09-6532-FBE87F1E4833" value="true"/>
</engineerTo>
<nullsAllowed>true</nullsAllowed>
<useDomainConstraints>false</useDomainConstraints>
<use>1</use>
<logicalDatatype>LOGDT007</logicalDatatype>
<ownDataTypeParameters>,,</ownDataTypeParameters>
</Attribute>
<Attribute name="observaciones" id="DBEBFF2D-1FE5-8766-658B-D74D7D85050B">
<createdBy>abdul</createdBy>
<createdTime>2025-08-31 07:42:49 UTC</createdTime>
<ownerDesignName>Vivir_Mejor_Residencia</ownerDesignName>
<engineerTo>
<item key="925B1772-7B55-CB09-6532-FBE87F1E4833" value="true"/>
</engineerTo>
<nullsAllowed>true</nullsAllowed>
<useDomainConstraints>false</useDomainConstraints>
<use>1</use>
<logicalDatatype>LOGDT024</logicalDatatype>
<ownDataTypeParameters>,,</ownDataTypeParameters>
</Attribute>
<Attribute name="id_contrato" id="BAEDD6DE-BE1B-4A52-CE08-EC4A316DAB9B">
<createdBy>abdul</createdBy>
<createdTime>2025-08-31 07:58:05 UTC</createdTime>
<generatorID>6B8341F6-5357-4A76-B1F2-D3CD243EFD49</generatorID>
<ownerDesignName>Vivir_Mejor_Residencia</ownerDesignName>
<engineerTo>
<item key="925B1772-7B55-CB09-6532-FBE87F1E4833" value="true"/>
</engineerTo>
<referedAttribute>74D30360-61A6-5E42-3C24-0C16E9598B8D</referedAttribute>
<useDomainConstraints>false</useDomainConstraints>
<use>1</use>
<logicalDatatype>LOGDT019</logicalDatatype>
<ownDataTypeParameters>,,</ownDataTypeParameters>
</Attribute>
<Attribute name="id_residente" id="7DF669B7-C786-8ACE-09D4-D7A1917CC184">
<createdBy>abdul</createdBy>
<createdTime>2025-08-31 08:13:33 UTC</createdTime>
<generatorID>4820852E-E3FF-42F3-9996-55557C7A9C98</generatorID>
<ownerDesignName>Vivir_Mejor_Residencia</ownerDesignName>
<engineerTo>
<item key="925B1772-7B55-CB09-6532-FBE87F1E4833" value="true"/>
</engineerTo>
<referedAttribute>95BF86D1-0D19-9FAE-834F-AC116E62A3FE</referedAttribute>
<useDomainConstraints>false</useDomainConstraints>
<use>1</use>
<logicalDatatype>LOGDT019</logicalDatatype>
<ownDataTypeParameters>,,</ownDataTypeParameters>
</Attribute>
</attributes>
<identifiers itemClass="oracle.dbtools.crest.model.design.logical.CandidateKey">
<identifier id="CF637095-7AC1-2C67-B414-881775D3E6EA" name="ANEXO PK">
<createdBy>abdul</createdBy>
<createdTime>2025-08-31 07:41:12 UTC</createdTime>
<ownerDesignName>Vivir_Mejor_Residencia</ownerDesignName>
<engineerTo>
<item key="925B1772-7B55-CB09-6532-FBE87F1E4833" value="true"/>
</engineerTo>
<pk>true</pk>
<usedAttributes>
<attributeRef>2CEB2C32-07A4-DC2A-0891-F95E34D22DBD</attributeRef>
<attributeRef>BAEDD6DE-BE1B-4A52-CE08-EC4A316DAB9B</attributeRef>
</usedAttributes>
</identifier>
</identifiers>
</Entity>