<?xml version = '1.0' encoding = 'UTF-8'?>
<Entity class="oracle.dbtools.crest.model.design.logical.Entity" directorySegmentName="seg_0" id="067C2518-D056-942E-6171-A1857B7E5E15" name="ESPECIALIDAD">
<createdBy>abdul</createdBy>
<createdTime>2025-09-14 19:05:40 UTC</createdTime>
<ownerDesignName>MODELO LOGICO SEMANA 5</ownerDesignName>
<engineerTo>
<item key="5E73717E-40AD-34B8-D4C7-63FCA818A818" value="true"/>
</engineerTo>
<adequatelyNormalized>NO</adequatelyNormalized>
<expectedVolumes>0</expectedVolumes>
<fwdEngineeringStrategyName>Single Table</fwdEngineeringStrategyName>
<growthPercent>0</growthPercent>
<growthType>Year</growthType>
<maxVolumes>9999999</maxVolumes>
<minVolumes>0</minVolumes>
<normalForm>Third</normalForm>
<attributes itemClass="oracle.dbtools.crest.model.design.logical.Attribute">
<Attribute name="id_especialidad" id="FB30244C-4CAC-7E64-D082-15727FD358DB">
<createdBy>abdul</createdBy>
<createdTime>2025-09-14 19:05:52 UTC</createdTime>
<ownerDesignName>MODELO LOGICO SEMANA 5</ownerDesignName>
<engineerTo>
<item key="5E73717E-40AD-34B8-D4C7-63FCA818A818" value="true"/>
</engineerTo>
<useDomainConstraints>false</useDomainConstraints>
<use>1</use>
<logicalDatatype>LOGDT019</logicalDatatype>
<ownDataTypeParameters>,,</ownDataTypeParameters>
</Attribute>
<Attribute name="nombre" id="DFDEA927-FB2E-88B1-3C5E-719E67B52286">
<createdBy>abdul</createdBy>
<createdTime>2025-09-14 19:06:03 UTC</createdTime>
<ownerDesignName>MODELO LOGICO SEMANA 5</ownerDesignName>
<engineerTo>
<item key="5E73717E-40AD-34B8-D4C7-63FCA818A818" value="true"/>
</engineerTo>
<useDomainConstraints>false</useDomainConstraints>
<use>1</use>
<logicalDatatype>LOGDT024</logicalDatatype>
<dataTypeSize>40</dataTypeSize>
<ownDataTypeParameters>40,,</ownDataTypeParameters>
</Attribute>
</attributes>
<identifiers itemClass="oracle.dbtools.crest.model.design.logical.CandidateKey">
<identifier id="22B18F3A-9869-5173-F0C9-7BFCC54721C5" name="ESPECIALIDAD PK">
<createdBy>abdul</createdBy>
<createdTime>2025-09-14 19:06:02 UTC</createdTime>
<ownerDesignName>MODELO LOGICO SEMANA 5</ownerDesignName>
<shouldEngineer>false</shouldEngineer>
<engineerTo>
<item key="5E73717E-40AD-34B8-D4C7-63FCA818A818" value="false"/>
</engineerTo>
<pk>true</pk>
<usedAttributes>
<attributeRef>FB30244C-4CAC-7E64-D082-15727FD358DB</attributeRef>
</usedAttributes>
</identifier>
<identifier id="FBF4E6CF-0134-FBFB-DA1D-AAAF66EF6468" name="UK_ESPECIALIDAD_NOMBRE">
<createdBy>abdul</createdBy>
<createdTime>2025-09-14 20:53:28 UTC</createdTime>
<ownerDesignName>MODELO LOGICO SEMANA 5</ownerDesignName>
<shouldEngineer>false</shouldEngineer>
<engineerTo>
<item key="5E73717E-40AD-34B8-D4C7-63FCA818A818" value="false"/>
</engineerTo>
<newElementsIDs>DFDEA927-FB2E-88B1-3C5E-719E67B52286</newElementsIDs>
<usedAttributes>
<attributeRef>DFDEA927-FB2E-88B1-3C5E-719E67B52286</attributeRef>
</usedAttributes>
</identifier>
</identifiers>
</Entity>