<?xml version = '1.0' encoding = 'UTF-8'?>
<Entity class="oracle.dbtools.crest.model.design.logical.Entity" directorySegmentName="seg_0" id="1034F8E4-B980-A398-962B-F8F70369D50A" name="TIPO_PACIENTE">
<createdBy>abdul</createdBy>
<createdTime>2025-09-14 19:07:52 UTC</createdTime>
<ownerDesignName>MODELO LOGICO SEMANA 5</ownerDesignName>
<engineerTo>
<item key="5E73717E-40AD-34B8-D4C7-63FCA818A818" value="true"/>
</engineerTo>
<adequatelyNormalized>NO</adequatelyNormalized>
<expectedVolumes>0</expectedVolumes>
<fwdEngineeringStrategyName>Single Table</fwdEngineeringStrategyName>
<growthPercent>0</growthPercent>
<growthType>Year</growthType>
<maxVolumes>9999999</maxVolumes>
<minVolumes>0</minVolumes>
<normalForm>Third</normalForm>
<attributes itemClass="oracle.dbtools.crest.model.design.logical.Attribute">
<Attribute name="id_tip_paciente" id="D26506AE-23E6-13B8-8556-D1902F0B85F1">
<createdBy>abdul</createdBy>
<createdTime>2025-09-14 19:08:00 UTC</createdTime>
<ownerDesignName>MODELO LOGICO SEMANA 5</ownerDesignName>
<engineerTo>
<item key="5E73717E-40AD-34B8-D4C7-63FCA818A818" value="true"/>
</engineerTo>
<useDomainConstraints>false</useDomainConstraints>
<use>1</use>
<logicalDatatype>LOGDT019</logicalDatatype>
<ownDataTypeParameters>,,</ownDataTypeParameters>
</Attribute>
<Attribute name="nombre" id="6B7E04CA-9922-370E-DDCB-A96F9446CC17">
<createdBy>abdul</createdBy>
<createdTime>2025-09-14 19:08:13 UTC</createdTime>
<ownerDesignName>MODELO LOGICO SEMANA 5</ownerDesignName>
<engineerTo>
<item key="5E73717E-40AD-34B8-D4C7-63FCA818A818" value="true"/>
</engineerTo>
<useDomainConstraints>false</useDomainConstraints>
<use>1</use>
<logicalDatatype>LOGDT024</logicalDatatype>
<dataTypeSize>15</dataTypeSize>
<listOfValues>
<valueDef value="&apos;ESTUDIANTE&apos;" description=""/>
<valueDef value="&apos;EXTERNO&apos;" description=""/>
<valueDef value="&apos;FUNCIONARIO&apos;" description=""/>
</listOfValues>
<ownDataTypeParameters>15,,</ownDataTypeParameters>
</Attribute>
</attributes>
<identifiers itemClass="oracle.dbtools.crest.model.design.logical.CandidateKey">
<identifier id="2BED6B0B-5026-FB92-B03D-A0F59916E6A2" name="TIPO_USUARIO PK">
<createdBy>abdul</createdBy>
<createdTime>2025-09-14 19:08:12 UTC</createdTime>
<ownerDesignName>MODELO LOGICO SEMANA 5</ownerDesignName>
<shouldEngineer>false</shouldEngineer>
<engineerTo>
<item key="5E73717E-40AD-34B8-D4C7-63FCA818A818" value="false"/>
</engineerTo>
<pk>true</pk>
<usedAttributes>
<attributeRef>D26506AE-23E6-13B8-8556-D1902F0B85F1</attributeRef>
</usedAttributes>
</identifier>
<identifier id="0ED61044-618E-1190-B665-6EFC011842AC" name="UK_TIPO_PACIENTE_NOMBRE">
<createdBy>abdul</createdBy>
<createdTime>2025-09-14 22:23:06 UTC</createdTime>
<ownerDesignName>MODELO LOGICO SEMANA 5</ownerDesignName>
<engineerTo>
<item key="5E73717E-40AD-34B8-D4C7-63FCA818A818" value="true"/>
</engineerTo>
<newElementsIDs>6B7E04CA-9922-370E-DDCB-A96F9446CC17</newElementsIDs>
<usedAttributes>
<attributeRef>6B7E04CA-9922-370E-DDCB-A96F9446CC17</attributeRef>
</usedAttributes>
</identifier>
</identifiers>
</Entity>