<?xml version = '1.0' encoding = 'UTF-8'?>
<Entity class="oracle.dbtools.crest.model.design.logical.Entity" directorySegmentName="seg_0" id="180C79F5-CD37-EDAA-3516-0B7EE34C1B4F" name="AFP">
<createdBy>abdul</createdBy>
<createdTime>2025-09-14 19:02:41 UTC</createdTime>
<ownerDesignName>MODELO LOGICO SEMANA 5</ownerDesignName>
<engineerTo>
<item key="5E73717E-40AD-34B8-D4C7-63FCA818A818" value="true"/>
</engineerTo>
<adequatelyNormalized>NO</adequatelyNormalized>
<expectedVolumes>0</expectedVolumes>
<fwdEngineeringStrategyName>Single Table</fwdEngineeringStrategyName>
<growthPercent>0</growthPercent>
<growthType>Year</growthType>
<maxVolumes>9999999</maxVolumes>
<minVolumes>0</minVolumes>
<normalForm>Third</normalForm>
<attributes itemClass="oracle.dbtools.crest.model.design.logical.Attribute">
<Attribute name="id_afp" id="F9D50DEB-14FD-7450-522C-ED46268B57B9">
<createdBy>abdul</createdBy>
<createdTime>2025-09-14 20:17:55 UTC</createdTime>
<ownerDesignName>MODELO LOGICO SEMANA 5</ownerDesignName>
<engineerTo>
<item key="5E73717E-40AD-34B8-D4C7-63FCA818A818" value="true"/>
</engineerTo>
<useDomainConstraints>false</useDomainConstraints>
<use>1</use>
<logicalDatatype>LOGDT019</logicalDatatype>
<ownDataTypeParameters>,,</ownDataTypeParameters>
</Attribute>
<Attribute name="nombre" id="0E874579-F445-01D3-A5DF-343661585B58">
<createdBy>abdul</createdBy>
<createdTime>2025-09-14 20:18:04 UTC</createdTime>
<ownerDesignName>MODELO LOGICO SEMANA 5</ownerDesignName>
<engineerTo>
<item key="5E73717E-40AD-34B8-D4C7-63FCA818A818" value="true"/>
</engineerTo>
<useDomainConstraints>false</useDomainConstraints>
<use>1</use>
<logicalDatatype>LOGDT024</logicalDatatype>
<dataTypeSize>20</dataTypeSize>
<ownDataTypeParameters>20,,</ownDataTypeParameters>
</Attribute>
</attributes>
<identifiers itemClass="oracle.dbtools.crest.model.design.logical.CandidateKey">
<identifier id="2C18997E-0679-BD06-3E59-9C43D49BB8E5" name="AFP PK">
<createdBy>abdul</createdBy>
<createdTime>2025-09-14 20:18:17 UTC</createdTime>
<ownerDesignName>MODELO LOGICO SEMANA 5</ownerDesignName>
<shouldEngineer>false</shouldEngineer>
<engineerTo>
<item key="5E73717E-40AD-34B8-D4C7-63FCA818A818" value="false"/>
</engineerTo>
<pk>true</pk>
<usedAttributes>
<attributeRef>F9D50DEB-14FD-7450-522C-ED46268B57B9</attributeRef>
</usedAttributes>
</identifier>
<identifier id="F4A17844-E306-0FF8-1B71-7654E50300AA" name="UK_AFP_NOMBRE">
<createdBy>abdul</createdBy>
<createdTime>2025-09-14 20:53:50 UTC</createdTime>
<ownerDesignName>MODELO LOGICO SEMANA 5</ownerDesignName>
<shouldEngineer>false</shouldEngineer>
<engineerTo>
<item key="5E73717E-40AD-34B8-D4C7-63FCA818A818" value="false"/>
</engineerTo>
<newElementsIDs>0E874579-F445-01D3-A5DF-343661585B58</newElementsIDs>
<usedAttributes>
<attributeRef>0E874579-F445-01D3-A5DF-343661585B58</attributeRef>
</usedAttributes>
</identifier>
</identifiers>
</Entity>