<?xml version = '1.0' encoding = 'UTF-8'?>
<Entity class="oracle.dbtools.crest.model.design.logical.Entity" directorySegmentName="seg_0" id="35388DC6-1AA2-DEF5-B3DD-83C17E2DA356" name="SISTEMA_SALUD">
<createdBy>abdul</createdBy>
<createdTime>2025-09-14 19:15:53 UTC</createdTime>
<ownerDesignName>MODELO LOGICO SEMANA 5</ownerDesignName>
<engineerTo>
<item key="5E73717E-40AD-34B8-D4C7-63FCA818A818" value="true"/>
</engineerTo>
<adequatelyNormalized>NO</adequatelyNormalized>
<expectedVolumes>0</expectedVolumes>
<fwdEngineeringStrategyName>Single Table</fwdEngineeringStrategyName>
<growthPercent>0</growthPercent>
<growthType>Year</growthType>
<maxVolumes>9999999</maxVolumes>
<minVolumes>0</minVolumes>
<normalForm>Third</normalForm>
<attributes itemClass="oracle.dbtools.crest.model.design.logical.Attribute">
<Attribute name="id_salud" id="41D9EA4D-58F8-3269-0978-99F7AA51BC81">
<createdBy>abdul</createdBy>
<createdTime>2025-09-14 20:18:23 UTC</createdTime>
<ownerDesignName>MODELO LOGICO SEMANA 5</ownerDesignName>
<engineerTo>
<item key="5E73717E-40AD-34B8-D4C7-63FCA818A818" value="true"/>
</engineerTo>
<useDomainConstraints>false</useDomainConstraints>
<use>1</use>
<logicalDatatype>LOGDT019</logicalDatatype>
<ownDataTypeParameters>,,</ownDataTypeParameters>
</Attribute>
<Attribute name="nombre" id="D298AE04-167B-5E9D-C9E3-2E6CCD0E293E">
<createdBy>abdul</createdBy>
<createdTime>2025-09-14 20:18:24 UTC</createdTime>
<ownerDesignName>MODELO LOGICO SEMANA 5</ownerDesignName>
<engineerTo>
<item key="5E73717E-40AD-34B8-D4C7-63FCA818A818" value="true"/>
</engineerTo>
<constraintName>CK_SISTEMA_SALUD_NOMBRE</constraintName>
<useDomainConstraints>false</useDomainConstraints>
<use>1</use>
<logicalDatatype>LOGDT024</logicalDatatype>
<dataTypeSize>10</dataTypeSize>
<listOfValues>
<valueDef value="&apos;FONASA&apos;" description=""/>
<valueDef value="&apos;ISAPRE&apos;&quot;" description=""/>
</listOfValues>
<ownDataTypeParameters>10,,</ownDataTypeParameters>
</Attribute>
</attributes>
<identifiers itemClass="oracle.dbtools.crest.model.design.logical.CandidateKey">
<identifier id="E8794F1C-79A5-45FA-36AF-9F0BD7754203" name="SALUD PK">
<createdBy>abdul</createdBy>
<createdTime>2025-09-14 20:18:32 UTC</createdTime>
<ownerDesignName>MODELO LOGICO SEMANA 5</ownerDesignName>
<shouldEngineer>false</shouldEngineer>
<engineerTo>
<item key="5E73717E-40AD-34B8-D4C7-63FCA818A818" value="false"/>
</engineerTo>
<pk>true</pk>
<usedAttributes>
<attributeRef>41D9EA4D-58F8-3269-0978-99F7AA51BC81</attributeRef>
</usedAttributes>
</identifier>
<identifier id="6DA74BEF-9574-8332-8AE0-4525C503B681" name="UK_SALUD_NOMBRE">
<createdBy>abdul</createdBy>
<createdTime>2025-09-14 20:54:14 UTC</createdTime>
<ownerDesignName>MODELO LOGICO SEMANA 5</ownerDesignName>
<shouldEngineer>false</shouldEngineer>
<engineerTo>
<item key="5E73717E-40AD-34B8-D4C7-63FCA818A818" value="false"/>
</engineerTo>
<newElementsIDs>D298AE04-167B-5E9D-C9E3-2E6CCD0E293E</newElementsIDs>
<usedAttributes>
<attributeRef>D298AE04-167B-5E9D-C9E3-2E6CCD0E293E</attributeRef>
</usedAttributes>
</identifier>
</identifiers>
</Entity>