<?xml version = '1.0' encoding = 'UTF-8'?>
<Entity class="oracle.dbtools.crest.model.design.logical.Entity" directorySegmentName="seg_0" id="5AE4F54D-5A8A-92C5-5781-56302CA8D864" name="METODO_PAGO">
<createdBy>abdul</createdBy>
<createdTime>2025-09-14 21:38:25 UTC</createdTime>
<ownerDesignName>MODELO LOGICO SEMANA 5</ownerDesignName>
<engineerTo>
<item key="5E73717E-40AD-34B8-D4C7-63FCA818A818" value="true"/>
</engineerTo>
<adequatelyNormalized>NO</adequatelyNormalized>
<expectedVolumes>0</expectedVolumes>
<fwdEngineeringStrategyName>Single Table</fwdEngineeringStrategyName>
<growthPercent>0</growthPercent>
<growthType>Year</growthType>
<maxVolumes>9999999</maxVolumes>
<minVolumes>0</minVolumes>
<normalForm>Third</normalForm>
<attributes itemClass="oracle.dbtools.crest.model.design.logical.Attribute">
<Attribute name="id_metodo_pago" id="83354A95-E29C-BF8E-596A-C0A6EBEC2993">
<createdBy>abdul</createdBy>
<createdTime>2025-09-14 21:38:31 UTC</createdTime>
<ownerDesignName>MODELO LOGICO SEMANA 5</ownerDesignName>
<engineerTo>
<item key="5E73717E-40AD-34B8-D4C7-63FCA818A818" value="true"/>
</engineerTo>
<useDomainConstraints>false</useDomainConstraints>
<use>1</use>
<logicalDatatype>LOGDT019</logicalDatatype>
<ownDataTypeParameters>,,</ownDataTypeParameters>
</Attribute>
<Attribute name="nombre" id="0439490B-4975-A8CB-BBAB-24711FFF1E4F">
<createdBy>abdul</createdBy>
<createdTime>2025-09-14 21:38:46 UTC</createdTime>
<ownerDesignName>MODELO LOGICO SEMANA 5</ownerDesignName>
<engineerTo>
<item key="5E73717E-40AD-34B8-D4C7-63FCA818A818" value="true"/>
</engineerTo>
<constraintName>CK_METODO_PAGO_NOMBRE</constraintName>
<useDomainConstraints>false</useDomainConstraints>
<use>1</use>
<logicalDatatype>LOGDT024</logicalDatatype>
<dataTypeSize>10</dataTypeSize>
<listOfValues>
<valueDef value="&apos;CONVENIO&apos;" description=""/>
<valueDef value="&apos;EFECTIVO&apos;" description=""/>
<valueDef value="&apos;TARJETA&apos;" description=""/>
</listOfValues>
<ownDataTypeParameters>10,,</ownDataTypeParameters>
</Attribute>
</attributes>
<identifiers itemClass="oracle.dbtools.crest.model.design.logical.CandidateKey">
<identifier id="7FE9BE56-F31C-474C-2203-D7D76A19D388" name="METODO_PAGO PK">
<createdBy>abdul</createdBy>
<createdTime>2025-09-14 21:38:42 UTC</createdTime>
<ownerDesignName>MODELO LOGICO SEMANA 5</ownerDesignName>
<shouldEngineer>false</shouldEngineer>
<engineerTo>
<item key="5E73717E-40AD-34B8-D4C7-63FCA818A818" value="false"/>
</engineerTo>
<pk>true</pk>
<usedAttributes>
<attributeRef>83354A95-E29C-BF8E-596A-C0A6EBEC2993</attributeRef>
</usedAttributes>
</identifier>
<identifier id="59F53FEE-01BF-269B-0A2E-2FCFAE3C1E9A" name="UK_METODO_PAGO_NOMBRE">
<createdBy>abdul</createdBy>
<createdTime>2025-09-14 21:39:00 UTC</createdTime>
<ownerDesignName>MODELO LOGICO SEMANA 5</ownerDesignName>
<shouldEngineer>false</shouldEngineer>
<engineerTo>
<item key="5E73717E-40AD-34B8-D4C7-63FCA818A818" value="false"/>
</engineerTo>
<newElementsIDs>0439490B-4975-A8CB-BBAB-24711FFF1E4F</newElementsIDs>
<usedAttributes>
<attributeRef>0439490B-4975-A8CB-BBAB-24711FFF1E4F</attributeRef>
</usedAttributes>
</identifier>
</identifiers>
</Entity>