<?xml version = '1.0' encoding = 'UTF-8'?>
<Entity class="oracle.dbtools.crest.model.design.logical.Entity" directorySegmentName="seg_0" id="69356286-32E9-623F-A32B-1DEE24CF7D11" name="REGION">
<createdBy>abdul</createdBy>
<createdTime>2025-09-14 19:04:13 UTC</createdTime>
<ownerDesignName>MODELO LOGICO SEMANA 5</ownerDesignName>
<engineerTo>
<item key="5E73717E-40AD-34B8-D4C7-63FCA818A818" value="true"/>
</engineerTo>
<adequatelyNormalized>NO</adequatelyNormalized>
<expectedVolumes>0</expectedVolumes>
<fwdEngineeringStrategyName>Single Table</fwdEngineeringStrategyName>
<growthPercent>0</growthPercent>
<growthType>Year</growthType>
<maxVolumes>9999999</maxVolumes>
<minVolumes>0</minVolumes>
<normalForm>Third</normalForm>
<attributes itemClass="oracle.dbtools.crest.model.design.logical.Attribute">
<Attribute name="id_region" id="7B8034FA-1997-7D9B-69D9-33393B1C5C13">
<createdBy>abdul</createdBy>
<createdTime>2025-09-14 19:04:15 UTC</createdTime>
<ownerDesignName>MODELO LOGICO SEMANA 5</ownerDesignName>
<engineerTo>
<item key="5E73717E-40AD-34B8-D4C7-63FCA818A818" value="true"/>
</engineerTo>
<useDomainConstraints>false</useDomainConstraints>
<use>1</use>
<logicalDatatype>LOGDT019</logicalDatatype>
<ownDataTypeParameters>,,</ownDataTypeParameters>
</Attribute>
<Attribute name="nombre" id="07049CB2-86B8-B388-12F7-954902A4B7D2">
<createdBy>abdul</createdBy>
<createdTime>2025-09-14 19:04:27 UTC</createdTime>
<ownerDesignName>MODELO LOGICO SEMANA 5</ownerDesignName>
<engineerTo>
<item key="5E73717E-40AD-34B8-D4C7-63FCA818A818" value="true"/>
</engineerTo>
<useDomainConstraints>false</useDomainConstraints>
<use>1</use>
<logicalDatatype>LOGDT024</logicalDatatype>
<dataTypeSize>30</dataTypeSize>
<ownDataTypeParameters>30,,</ownDataTypeParameters>
</Attribute>
</attributes>
<identifiers itemClass="oracle.dbtools.crest.model.design.logical.CandidateKey">
<identifier id="1938163E-E46A-E758-109D-B9DCD9A6A83D" name="Entity_10 PK">
<createdBy>abdul</createdBy>
<createdTime>2025-09-14 19:04:25 UTC</createdTime>
<ownerDesignName>MODELO LOGICO SEMANA 5</ownerDesignName>
<shouldEngineer>false</shouldEngineer>
<engineerTo>
<item key="5E73717E-40AD-34B8-D4C7-63FCA818A818" value="false"/>
</engineerTo>
<pk>true</pk>
<usedAttributes>
<attributeRef>7B8034FA-1997-7D9B-69D9-33393B1C5C13</attributeRef>
</usedAttributes>
</identifier>
<identifier id="254B560A-033B-D635-CDF9-D5A5CBD1E61B" name="UK_REGION_NOMBRE">
<createdBy>abdul</createdBy>
<createdTime>2025-09-14 20:44:37 UTC</createdTime>
<ownerDesignName>MODELO LOGICO SEMANA 5</ownerDesignName>
<shouldEngineer>false</shouldEngineer>
<engineerTo>
<item key="5E73717E-40AD-34B8-D4C7-63FCA818A818" value="false"/>
</engineerTo>
<newElementsIDs>07049CB2-86B8-B388-12F7-954902A4B7D2</newElementsIDs>
<usedAttributes>
<attributeRef>07049CB2-86B8-B388-12F7-954902A4B7D2</attributeRef>
</usedAttributes>
</identifier>
</identifiers>
</Entity>