<?xml version = '1.0' encoding = 'UTF-8'?>
<Entity class="oracle.dbtools.crest.model.design.logical.Entity" directorySegmentName="seg_0" id="7027BD6E-CBB5-D82F-8C69-A16AE1DB3428" name="TIPO_ATENCION">
<createdBy>abdul</createdBy>
<createdTime>2025-09-14 20:57:39 UTC</createdTime>
<ownerDesignName>MODELO LOGICO SEMANA 5</ownerDesignName>
<engineerTo>
<item key="5E73717E-40AD-34B8-D4C7-63FCA818A818" value="true"/>
</engineerTo>
<adequatelyNormalized>NO</adequatelyNormalized>
<expectedVolumes>0</expectedVolumes>
<fwdEngineeringStrategyName>Single Table</fwdEngineeringStrategyName>
<growthPercent>0</growthPercent>
<growthType>Year</growthType>
<maxVolumes>9999999</maxVolumes>
<minVolumes>0</minVolumes>
<normalForm>Third</normalForm>
<attributes itemClass="oracle.dbtools.crest.model.design.logical.Attribute">
<Attribute name="id_tip_atencion" id="2969E5EF-FF5E-3BA3-146C-7166E242A1AF">
<createdBy>abdul</createdBy>
<createdTime>2025-09-14 20:57:51 UTC</createdTime>
<ownerDesignName>MODELO LOGICO SEMANA 5</ownerDesignName>
<engineerTo>
<item key="5E73717E-40AD-34B8-D4C7-63FCA818A818" value="true"/>
</engineerTo>
<useDomainConstraints>false</useDomainConstraints>
<use>1</use>
<logicalDatatype>LOGDT019</logicalDatatype>
<ownDataTypeParameters>,,</ownDataTypeParameters>
</Attribute>
<Attribute name="nombre" id="4AFD7D52-5C65-1BB5-50DE-20064E601ED9">
<createdBy>abdul</createdBy>
<createdTime>2025-09-14 20:58:01 UTC</createdTime>
<ownerDesignName>MODELO LOGICO SEMANA 5</ownerDesignName>
<engineerTo>
<item key="5E73717E-40AD-34B8-D4C7-63FCA818A818" value="true"/>
</engineerTo>
<constraintName>CK_TIPO_ATENCION_NOMBRE</constraintName>
<useDomainConstraints>false</useDomainConstraints>
<use>1</use>
<logicalDatatype>LOGDT024</logicalDatatype>
<dataTypeSize>10</dataTypeSize>
<listOfValues>
<valueDef value="&apos;GENERAL&apos;" description=""/>
<valueDef value="&apos;PREVENTIVA&apos;" description=""/>
<valueDef value="&apos;URGENCIA&apos;" description=""/>
</listOfValues>
<ownDataTypeParameters>10,,</ownDataTypeParameters>
</Attribute>
</attributes>
<identifiers itemClass="oracle.dbtools.crest.model.design.logical.CandidateKey">
<identifier id="FB9902EF-03E0-4180-C3ED-0BC320A96820" name="TIPO_ATENCION PK">
<createdBy>abdul</createdBy>
<createdTime>2025-09-14 20:58:49 UTC</createdTime>
<ownerDesignName>MODELO LOGICO SEMANA 5</ownerDesignName>
<shouldEngineer>false</shouldEngineer>
<engineerTo>
<item key="5E73717E-40AD-34B8-D4C7-63FCA818A818" value="false"/>
</engineerTo>
<pk>true</pk>
<usedAttributes>
<attributeRef>2969E5EF-FF5E-3BA3-146C-7166E242A1AF</attributeRef>
</usedAttributes>
</identifier>
<identifier id="C1C0DCA2-FB55-1B93-2333-877FA762A7FF" name="UK_TIPO_ATENCION_NOMBRE">
<createdBy>abdul</createdBy>
<createdTime>2025-09-14 20:59:13 UTC</createdTime>
<ownerDesignName>MODELO LOGICO SEMANA 5</ownerDesignName>
<shouldEngineer>false</shouldEngineer>
<engineerTo>
<item key="5E73717E-40AD-34B8-D4C7-63FCA818A818" value="false"/>
</engineerTo>
<newElementsIDs>4AFD7D52-5C65-1BB5-50DE-20064E601ED9</newElementsIDs>
<usedAttributes>
<attributeRef>4AFD7D52-5C65-1BB5-50DE-20064E601ED9</attributeRef>
</usedAttributes>
</identifier>
</identifiers>
</Entity>