<?xml version = '1.0' encoding = 'UTF-8'?>
<Entity class="oracle.dbtools.crest.model.design.logical.Entity" directorySegmentName="seg_0" id="81EC5897-D27E-29D6-C1FB-B5988A60C94F" name="ATENCION">
<createdBy>abdul</createdBy>
<createdTime>2025-09-14 18:51:27 UTC</createdTime>
<ownerDesignName>MODELO LOGICO SEMANA 5</ownerDesignName>
<engineerTo>
<item key="5E73717E-40AD-34B8-D4C7-63FCA818A818" value="true"/>
</engineerTo>
<adequatelyNormalized>NO</adequatelyNormalized>
<expectedVolumes>0</expectedVolumes>
<fwdEngineeringStrategyName>Single Table</fwdEngineeringStrategyName>
<growthPercent>0</growthPercent>
<growthType>Year</growthType>
<maxVolumes>9999999</maxVolumes>
<minVolumes>0</minVolumes>
<normalForm>Third</normalForm>
<attributes itemClass="oracle.dbtools.crest.model.design.logical.Attribute">
<Attribute name="id_atencion" id="231745CA-6D62-5218-7ABA-713D3C9413F1">
<createdBy>abdul</createdBy>
<createdTime>2025-09-14 19:10:10 UTC</createdTime>
<ownerDesignName>MODELO LOGICO SEMANA 5</ownerDesignName>
<engineerTo>
<item key="5E73717E-40AD-34B8-D4C7-63FCA818A818" value="true"/>
</engineerTo>
<useDomainConstraints>false</useDomainConstraints>
<use>1</use>
<logicalDatatype>LOGDT019</logicalDatatype>
<ownDataTypeParameters>,,</ownDataTypeParameters>
</Attribute>
<Attribute name="fecha_atencion" id="88E8A7FA-4EC9-E9CC-5724-09B29279E8B3">
<createdBy>abdul</createdBy>
<createdTime>2025-09-14 19:10:21 UTC</createdTime>
<ownerDesignName>MODELO LOGICO SEMANA 5</ownerDesignName>
<engineerTo>
<item key="5E73717E-40AD-34B8-D4C7-63FCA818A818" value="true"/>
</engineerTo>
<useDomainConstraints>false</useDomainConstraints>
<use>1</use>
<logicalDatatype>LOGDT007</logicalDatatype>
<ownDataTypeParameters>,,</ownDataTypeParameters>
</Attribute>
<Attribute name="diagnostico" id="65EF78EE-4A56-B22A-6FAD-7B7FD088CE39">
<createdBy>abdul</createdBy>
<createdTime>2025-09-14 21:02:13 UTC</createdTime>
<ownerDesignName>MODELO LOGICO SEMANA 5</ownerDesignName>
<engineerTo>
<item key="5E73717E-40AD-34B8-D4C7-63FCA818A818" value="true"/>
</engineerTo>
<useDomainConstraints>false</useDomainConstraints>
<use>1</use>
<logicalDatatype>LOGDT024</logicalDatatype>
<dataTypeSize>200</dataTypeSize>
<ownDataTypeParameters>200,,</ownDataTypeParameters>
</Attribute>
<Attribute name="id_tip_atencion" id="1823BB75-C633-5C59-7078-FA2D2AEAA555">
<createdBy>abdul</createdBy>
<createdTime>2025-09-14 21:19:15 UTC</createdTime>
<generatorID>5A9743B0-068E-E2B6-DFFF-55E42DEEC6EA</generatorID>
<ownerDesignName>MODELO LOGICO SEMANA 5</ownerDesignName>
<engineerTo>
<item key="5E73717E-40AD-34B8-D4C7-63FCA818A818" value="true"/>
</engineerTo>
<referedAttribute>2969E5EF-FF5E-3BA3-146C-7166E242A1AF</referedAttribute>
<useDomainConstraints>false</useDomainConstraints>
<use>1</use>
<logicalDatatype>LOGDT019</logicalDatatype>
<ownDataTypeParameters>,,</ownDataTypeParameters>
</Attribute>
<Attribute name="id_paciente" id="485AF2F2-75F1-81D6-0E99-F4336FEF25BE">
<createdBy>abdul</createdBy>
<createdTime>2025-09-14 21:20:14 UTC</createdTime>
<generatorID>F03546EE-DEB0-4B18-E361-1C1ED6001585</generatorID>
<ownerDesignName>MODELO LOGICO SEMANA 5</ownerDesignName>
<engineerTo>
<item key="5E73717E-40AD-34B8-D4C7-63FCA818A818" value="true"/>
</engineerTo>
<referedAttribute>1855CB98-CD85-B266-AD68-03D1DECC91F6</referedAttribute>
<useDomainConstraints>false</useDomainConstraints>
<use>1</use>
<logicalDatatype>LOGDT019</logicalDatatype>
<ownDataTypeParameters>,,</ownDataTypeParameters>
</Attribute>
<Attribute name="id_medico" id="D05F1E7F-DA81-8BE0-890F-643D986B5843">
<createdBy>abdul</createdBy>
<createdTime>2025-09-14 21:21:00 UTC</createdTime>
<generatorID>608DDBB6-F246-1E94-58A5-784B4DD75CFB</generatorID>
<ownerDesignName>MODELO LOGICO SEMANA 5</ownerDesignName>
<engineerTo>
<item key="5E73717E-40AD-34B8-D4C7-63FCA818A818" value="true"/>
</engineerTo>
<referedAttribute>24944A3E-5F4B-5B30-CF52-8E109C4DCA90</referedAttribute>
<useDomainConstraints>false</useDomainConstraints>
<use>1</use>
<logicalDatatype>LOGDT019</logicalDatatype>
<ownDataTypeParameters>,,</ownDataTypeParameters>
</Attribute>
<Attribute name="id_pago" id="68A4F9F3-A851-1201-F737-C87E5BCD4049">
<createdBy>abdul</createdBy>
<createdTime>2025-09-14 21:40:51 UTC</createdTime>
<generatorID>EBBD294D-3EC9-6C63-FD26-9DA93FE21E5E</generatorID>
<ownerDesignName>MODELO LOGICO SEMANA 5</ownerDesignName>
<engineerTo>
<item key="5E73717E-40AD-34B8-D4C7-63FCA818A818" value="true"/>
</engineerTo>
<referedAttribute>53777A0B-8EA2-8020-E308-0E627693B10C</referedAttribute>
<useDomainConstraints>false</useDomainConstraints>
<use>1</use>
<logicalDatatype>LOGDT019</logicalDatatype>
<ownDataTypeParameters>,,</ownDataTypeParameters>
</Attribute>
</attributes>
<identifiers itemClass="oracle.dbtools.crest.model.design.logical.CandidateKey">
<identifier id="134C2DE9-266C-90A0-86F2-4EDD7B60C5F3" name="ATENCION PK">
<createdBy>abdul</createdBy>
<createdTime>2025-09-14 19:10:20 UTC</createdTime>
<ownerDesignName>MODELO LOGICO SEMANA 5</ownerDesignName>
<shouldEngineer>false</shouldEngineer>
<engineerTo>
<item key="5E73717E-40AD-34B8-D4C7-63FCA818A818" value="false"/>
</engineerTo>
<pk>true</pk>
<usedAttributes>
<attributeRef>231745CA-6D62-5218-7ABA-713D3C9413F1</attributeRef>
</usedAttributes>
</identifier>
</identifiers>
</Entity>