<?xml version = '1.0' encoding = 'UTF-8'?>
<Entity class="oracle.dbtools.crest.model.design.logical.Entity" directorySegmentName="seg_0" id="8235CACA-6195-F692-76EA-2B839876BFBA" name="SOLICITUD_EXAMEN">
<createdBy>abdul</createdBy>
<createdTime>2025-09-14 20:21:18 UTC</createdTime>
<ownerDesignName>MODELO LOGICO SEMANA 5</ownerDesignName>
<engineerTo>
<item key="5E73717E-40AD-34B8-D4C7-63FCA818A818" value="true"/>
</engineerTo>
<adequatelyNormalized>NO</adequatelyNormalized>
<expectedVolumes>0</expectedVolumes>
<fwdEngineeringStrategyName>Single Table</fwdEngineeringStrategyName>
<growthPercent>0</growthPercent>
<growthType>Year</growthType>
<maxVolumes>9999999</maxVolumes>
<minVolumes>0</minVolumes>
<normalForm>Third</normalForm>
<attributes itemClass="oracle.dbtools.crest.model.design.logical.Attribute">
<Attribute name="id_solicitud" id="F5937599-510D-193D-92F4-27F628881D4A">
<createdBy>abdul</createdBy>
<createdTime>2025-09-14 21:17:31 UTC</createdTime>
<ownerDesignName>MODELO LOGICO SEMANA 5</ownerDesignName>
<engineerTo>
<item key="5E73717E-40AD-34B8-D4C7-63FCA818A818" value="true"/>
</engineerTo>
<useDomainConstraints>false</useDomainConstraints>
<use>1</use>
<logicalDatatype>LOGDT019</logicalDatatype>
<ownDataTypeParameters>,,</ownDataTypeParameters>
</Attribute>
<Attribute name="fecha_solicitud" id="C04441F5-1BFE-F438-6459-15DD2D0B2B9E">
<createdBy>abdul</createdBy>
<createdTime>2025-09-14 21:17:41 UTC</createdTime>
<ownerDesignName>MODELO LOGICO SEMANA 5</ownerDesignName>
<engineerTo>
<item key="5E73717E-40AD-34B8-D4C7-63FCA818A818" value="true"/>
</engineerTo>
<useDomainConstraints>false</useDomainConstraints>
<use>1</use>
<logicalDatatype>LOGDT007</logicalDatatype>
<ownDataTypeParameters>,,</ownDataTypeParameters>
</Attribute>
<Attribute name="id_atencion" id="E40FCD4A-1239-E309-1467-CF6F44167CB2">
<createdBy>abdul</createdBy>
<createdTime>2025-09-14 21:24:34 UTC</createdTime>
<generatorID>5DD74A94-7BE0-ABEB-4564-8528B48C5F91</generatorID>
<ownerDesignName>MODELO LOGICO SEMANA 5</ownerDesignName>
<engineerTo>
<item key="5E73717E-40AD-34B8-D4C7-63FCA818A818" value="true"/>
</engineerTo>
<referedAttribute>231745CA-6D62-5218-7ABA-713D3C9413F1</referedAttribute>
<useDomainConstraints>false</useDomainConstraints>
<use>1</use>
<logicalDatatype>LOGDT019</logicalDatatype>
<ownDataTypeParameters>,,</ownDataTypeParameters>
</Attribute>
<Attribute name="id_examen" id="28668106-85F5-7918-A875-C30625E411DD">
<createdBy>abdul</createdBy>
<createdTime>2025-09-14 21:24:37 UTC</createdTime>
<generatorID>81F9D390-D45B-B3A3-4D58-800930840240</generatorID>
<ownerDesignName>MODELO LOGICO SEMANA 5</ownerDesignName>
<engineerTo>
<item key="5E73717E-40AD-34B8-D4C7-63FCA818A818" value="true"/>
</engineerTo>
<referedAttribute>13A54B1B-7CA9-5D22-B1E0-800F974C2009</referedAttribute>
<useDomainConstraints>false</useDomainConstraints>
<use>1</use>
<logicalDatatype>LOGDT019</logicalDatatype>
<ownDataTypeParameters>,,</ownDataTypeParameters>
</Attribute>
</attributes>
<identifiers itemClass="oracle.dbtools.crest.model.design.logical.CandidateKey">
<identifier id="91508804-1691-11EE-5B1B-4AACF55A9068" name="SOLICITUD_EXAMEN PK">
<createdBy>abdul</createdBy>
<createdTime>2025-09-14 21:17:40 UTC</createdTime>
<ownerDesignName>MODELO LOGICO SEMANA 5</ownerDesignName>
<engineerTo>
<item key="5E73717E-40AD-34B8-D4C7-63FCA818A818" value="true"/>
</engineerTo>
<pk>true</pk>
<usedAttributes>
<attributeRef>F5937599-510D-193D-92F4-27F628881D4A</attributeRef>
</usedAttributes>
</identifier>
</identifiers>
</Entity>