<?xml version = '1.0' encoding = 'UTF-8'?>
<Entity class="oracle.dbtools.crest.model.design.logical.Entity" directorySegmentName="seg_0" id="AA6703F4-F131-2798-2155-BAD20D9ABCF6" name="MEDICO">
<createdBy>abdul</createdBy>
<createdTime>2025-09-14 18:50:34 UTC</createdTime>
<ownerDesignName>MODELO LOGICO SEMANA 5</ownerDesignName>
<engineerTo>
<item key="5E73717E-40AD-34B8-D4C7-63FCA818A818" value="true"/>
</engineerTo>
<adequatelyNormalized>NO</adequatelyNormalized>
<expectedVolumes>0</expectedVolumes>
<fwdEngineeringStrategyName>Single Table</fwdEngineeringStrategyName>
<growthPercent>0</growthPercent>
<growthType>Year</growthType>
<maxVolumes>9999999</maxVolumes>
<minVolumes>0</minVolumes>
<normalForm>Third</normalForm>
<attributes itemClass="oracle.dbtools.crest.model.design.logical.Attribute">
<Attribute name="id_medico" id="24944A3E-5F4B-5B30-CF52-8E109C4DCA90">
<createdBy>abdul</createdBy>
<createdTime>2025-09-14 18:51:58 UTC</createdTime>
<ownerDesignName>MODELO LOGICO SEMANA 5</ownerDesignName>
<engineerTo>
<item key="5E73717E-40AD-34B8-D4C7-63FCA818A818" value="true"/>
</engineerTo>
<useDomainConstraints>false</useDomainConstraints>
<use>1</use>
<logicalDatatype>LOGDT019</logicalDatatype>
<ownDataTypeParameters>,,</ownDataTypeParameters>
</Attribute>
<Attribute name="rut_medico" id="4535135C-F504-4532-84C6-CC7DAB686BBC">
<createdBy>abdul</createdBy>
<createdTime>2025-09-14 18:52:09 UTC</createdTime>
<ownerDesignName>MODELO LOGICO SEMANA 5</ownerDesignName>
<engineerTo>
<item key="5E73717E-40AD-34B8-D4C7-63FCA818A818" value="true"/>
</engineerTo>
<useDomainConstraints>false</useDomainConstraints>
<use>1</use>
<logicalDatatype>LOGDT024</logicalDatatype>
<dataTypeSize>15</dataTypeSize>
<ownDataTypeParameters>15,,</ownDataTypeParameters>
</Attribute>
<Attribute name="nombre" id="7D3A89C7-0381-69F4-2D27-4AC54795A0A6">
<createdBy>abdul</createdBy>
<createdTime>2025-09-14 18:52:21 UTC</createdTime>
<ownerDesignName>MODELO LOGICO SEMANA 5</ownerDesignName>
<engineerTo>
<item key="5E73717E-40AD-34B8-D4C7-63FCA818A818" value="true"/>
</engineerTo>
<useDomainConstraints>false</useDomainConstraints>
<use>1</use>
<logicalDatatype>LOGDT024</logicalDatatype>
<dataTypeSize>100</dataTypeSize>
<ownDataTypeParameters>100,,</ownDataTypeParameters>
</Attribute>
<Attribute name="fecha_ingreso" id="6A31F1A4-DA1D-FF20-3BAD-EB1E6AB064AF">
<createdBy>abdul</createdBy>
<createdTime>2025-09-14 18:53:03 UTC</createdTime>
<ownerDesignName>MODELO LOGICO SEMANA 5</ownerDesignName>
<engineerTo>
<item key="5E73717E-40AD-34B8-D4C7-63FCA818A818" value="true"/>
</engineerTo>
<useDomainConstraints>false</useDomainConstraints>
<use>1</use>
<logicalDatatype>LOGDT007</logicalDatatype>
<ownDataTypeParameters>,,</ownDataTypeParameters>
</Attribute>
<Attribute name="id_especialidad" id="0EC5536B-2C0A-EAF7-3E53-33166AE3C68F">
<createdBy>abdul</createdBy>
<createdTime>2025-09-14 20:56:18 UTC</createdTime>
<generatorID>54B7EE76-91AE-4D29-13E1-D80A55387A3F</generatorID>
<ownerDesignName>MODELO LOGICO SEMANA 5</ownerDesignName>
<engineerTo>
<item key="5E73717E-40AD-34B8-D4C7-63FCA818A818" value="true"/>
</engineerTo>
<referedAttribute>FB30244C-4CAC-7E64-D082-15727FD358DB</referedAttribute>
<useDomainConstraints>false</useDomainConstraints>
<use>1</use>
<logicalDatatype>LOGDT019</logicalDatatype>
<ownDataTypeParameters>,,</ownDataTypeParameters>
</Attribute>
<Attribute name="id_salud" id="85461F6B-B6A9-A966-8CCA-8FDC5EFBCDB0">
<createdBy>abdul</createdBy>
<createdTime>2025-09-14 20:56:15 UTC</createdTime>
<generatorID>EBBA4221-DEAC-FB03-C9EF-53D8301DD706</generatorID>
<ownerDesignName>MODELO LOGICO SEMANA 5</ownerDesignName>
<engineerTo>
<item key="5E73717E-40AD-34B8-D4C7-63FCA818A818" value="true"/>
</engineerTo>
<referedAttribute>41D9EA4D-58F8-3269-0978-99F7AA51BC81</referedAttribute>
<useDomainConstraints>false</useDomainConstraints>
<use>1</use>
<logicalDatatype>LOGDT019</logicalDatatype>
<ownDataTypeParameters>,,</ownDataTypeParameters>
</Attribute>
<Attribute name="id_afp" id="C1625500-516D-D518-91A9-1E9DE3FEFFF4">
<createdBy>abdul</createdBy>
<createdTime>2025-09-14 20:56:21 UTC</createdTime>
<generatorID>1FBE03D5-F5D7-EB37-6621-E4CED293DE99</generatorID>
<ownerDesignName>MODELO LOGICO SEMANA 5</ownerDesignName>
<engineerTo>
<item key="5E73717E-40AD-34B8-D4C7-63FCA818A818" value="true"/>
</engineerTo>
<referedAttribute>F9D50DEB-14FD-7450-522C-ED46268B57B9</referedAttribute>
<useDomainConstraints>false</useDomainConstraints>
<use>1</use>
<logicalDatatype>LOGDT019</logicalDatatype>
<ownDataTypeParameters>,,</ownDataTypeParameters>
</Attribute>
</attributes>
<identifiers itemClass="oracle.dbtools.crest.model.design.logical.CandidateKey">
<identifier id="93B183C3-BF81-B044-C0EE-48C2467B73B6" name="MEDICO PK">
<createdBy>abdul</createdBy>
<createdTime>2025-09-14 18:52:04 UTC</createdTime>
<ownerDesignName>MODELO LOGICO SEMANA 5</ownerDesignName>
<shouldEngineer>false</shouldEngineer>
<engineerTo>
<item key="5E73717E-40AD-34B8-D4C7-63FCA818A818" value="false"/>
</engineerTo>
<pk>true</pk>
<usedAttributes>
<attributeRef>24944A3E-5F4B-5B30-CF52-8E109C4DCA90</attributeRef>
</usedAttributes>
</identifier>
<identifier id="FE64685B-5CEA-66DE-5AA0-B208AD585ED8" name="UK_MEDICO_RUT">
<createdBy>abdul</createdBy>
<createdTime>2025-09-14 20:52:52 UTC</createdTime>
<ownerDesignName>MODELO LOGICO SEMANA 5</ownerDesignName>
<shouldEngineer>false</shouldEngineer>
<engineerTo>
<item key="5E73717E-40AD-34B8-D4C7-63FCA818A818" value="false"/>
</engineerTo>
<newElementsIDs>4535135C-F504-4532-84C6-CC7DAB686BBC</newElementsIDs>
<usedAttributes>
<attributeRef>4535135C-F504-4532-84C6-CC7DAB686BBC</attributeRef>
</usedAttributes>
</identifier>
</identifiers>
</Entity>