<?xml version = '1.0' encoding = 'UTF-8'?>
<Entity class="oracle.dbtools.crest.model.design.logical.Entity" directorySegmentName="seg_0" id="B7900F61-6383-6177-138A-172054A36975" name="SEXO">
<createdBy>abdul</createdBy>
<createdTime>2025-09-14 19:12:58 UTC</createdTime>
<ownerDesignName>MODELO LOGICO SEMANA 5</ownerDesignName>
<engineerTo>
<item key="5E73717E-40AD-34B8-D4C7-63FCA818A818" value="true"/>
</engineerTo>
<adequatelyNormalized>NO</adequatelyNormalized>
<expectedVolumes>0</expectedVolumes>
<fwdEngineeringStrategyName>Single Table</fwdEngineeringStrategyName>
<growthPercent>0</growthPercent>
<growthType>Year</growthType>
<maxVolumes>9999999</maxVolumes>
<minVolumes>0</minVolumes>
<normalForm>Third</normalForm>
<attributes itemClass="oracle.dbtools.crest.model.design.logical.Attribute">
<Attribute name="id_sexo" id="75D013BB-E0D9-8D06-93FB-FE218938829A">
<createdBy>abdul</createdBy>
<createdTime>2025-09-14 19:13:03 UTC</createdTime>
<ownerDesignName>MODELO LOGICO SEMANA 5</ownerDesignName>
<engineerTo>
<item key="5E73717E-40AD-34B8-D4C7-63FCA818A818" value="true"/>
</engineerTo>
<useDomainConstraints>false</useDomainConstraints>
<use>1</use>
<logicalDatatype>LOGDT019</logicalDatatype>
<ownDataTypeParameters>,,</ownDataTypeParameters>
</Attribute>
<Attribute name="nombre" id="DBE747D9-3C11-627C-D838-725714825E8E">
<createdBy>abdul</createdBy>
<createdTime>2025-09-14 19:13:15 UTC</createdTime>
<ownerDesignName>MODELO LOGICO SEMANA 5</ownerDesignName>
<engineerTo>
<item key="5E73717E-40AD-34B8-D4C7-63FCA818A818" value="true"/>
</engineerTo>
<constraintName>CK_SEXO_NOMBRE</constraintName>
<useDomainConstraints>false</useDomainConstraints>
<use>1</use>
<logicalDatatype>LOGDT024</logicalDatatype>
<dataTypeSize>15</dataTypeSize>
<listOfValues>
<valueDef value="&apos;FEMENINO&apos;" description=""/>
<valueDef value="&apos;MASCULINO&apos;" description=""/>
<valueDef value="&apos;OTRO&apos;" description=""/>
</listOfValues>
<ownDataTypeParameters>15,,</ownDataTypeParameters>
</Attribute>
</attributes>
<identifiers itemClass="oracle.dbtools.crest.model.design.logical.CandidateKey">
<identifier id="1C011610-534A-F17A-B34B-3F290E6F9404" name="SEXO PK">
<createdBy>abdul</createdBy>
<createdTime>2025-09-14 19:13:24 UTC</createdTime>
<ownerDesignName>MODELO LOGICO SEMANA 5</ownerDesignName>
<shouldEngineer>false</shouldEngineer>
<engineerTo>
<item key="5E73717E-40AD-34B8-D4C7-63FCA818A818" value="false"/>
</engineerTo>
<pk>true</pk>
<usedAttributes>
<attributeRef>75D013BB-E0D9-8D06-93FB-FE218938829A</attributeRef>
</usedAttributes>
</identifier>
<identifier id="87B18A33-5951-A746-7372-78CC4F4FB33D" name="UK_SEXO_NOMBRE">
<createdBy>abdul</createdBy>
<createdTime>2025-09-14 20:50:59 UTC</createdTime>
<ownerDesignName>MODELO LOGICO SEMANA 5</ownerDesignName>
<shouldEngineer>false</shouldEngineer>
<engineerTo>
<item key="5E73717E-40AD-34B8-D4C7-63FCA818A818" value="false"/>
</engineerTo>
<newElementsIDs>DBE747D9-3C11-627C-D838-725714825E8E</newElementsIDs>
<usedAttributes>
<attributeRef>DBE747D9-3C11-627C-D838-725714825E8E</attributeRef>
</usedAttributes>
</identifier>
</identifiers>
</Entity>