<?xml version = '1.0' encoding = 'UTF-8'?>
<Entity class="oracle.dbtools.crest.model.design.logical.Entity" directorySegmentName="seg_0" id="D95F46F5-17EC-AAD5-B430-CE3B2FE2F101" name="PAGO">
<createdBy>abdul</createdBy>
<createdTime>2025-09-14 20:19:51 UTC</createdTime>
<ownerDesignName>MODELO LOGICO SEMANA 5</ownerDesignName>
<engineerTo>
<item key="5E73717E-40AD-34B8-D4C7-63FCA818A818" value="true"/>
</engineerTo>
<adequatelyNormalized>NO</adequatelyNormalized>
<expectedVolumes>0</expectedVolumes>
<fwdEngineeringStrategyName>Single Table</fwdEngineeringStrategyName>
<growthPercent>0</growthPercent>
<growthType>Year</growthType>
<maxVolumes>9999999</maxVolumes>
<minVolumes>0</minVolumes>
<normalForm>Third</normalForm>
<attributes itemClass="oracle.dbtools.crest.model.design.logical.Attribute">
<Attribute name="id_pago" id="53777A0B-8EA2-8020-E308-0E627693B10C">
<createdBy>abdul</createdBy>
<createdTime>2025-09-14 20:19:55 UTC</createdTime>
<ownerDesignName>MODELO LOGICO SEMANA 5</ownerDesignName>
<engineerTo>
<item key="5E73717E-40AD-34B8-D4C7-63FCA818A818" value="true"/>
</engineerTo>
<useDomainConstraints>false</useDomainConstraints>
<use>1</use>
<logicalDatatype>LOGDT019</logicalDatatype>
<ownDataTypeParameters>,,</ownDataTypeParameters>
</Attribute>
<Attribute name="monto" id="7CEB9391-1B49-7AF1-098B-30A00F35D556">
<createdBy>abdul</createdBy>
<createdTime>2025-09-14 20:20:03 UTC</createdTime>
<ownerDesignName>MODELO LOGICO SEMANA 5</ownerDesignName>
<engineerTo>
<item key="5E73717E-40AD-34B8-D4C7-63FCA818A818" value="true"/>
</engineerTo>
<useDomainConstraints>false</useDomainConstraints>
<use>1</use>
<logicalDatatype>LOGDT019</logicalDatatype>
<ownDataTypeParameters>,,</ownDataTypeParameters>
</Attribute>
<Attribute name="fecha_pago" id="30611294-4044-BF18-64EC-1EBA0FCEE1B0">
<createdBy>abdul</createdBy>
<createdTime>2025-09-14 21:33:33 UTC</createdTime>
<ownerDesignName>MODELO LOGICO SEMANA 5</ownerDesignName>
<engineerTo>
<item key="5E73717E-40AD-34B8-D4C7-63FCA818A818" value="true"/>
</engineerTo>
<useDomainConstraints>false</useDomainConstraints>
<use>1</use>
<logicalDatatype>LOGDT007</logicalDatatype>
<ownDataTypeParameters>,,</ownDataTypeParameters>
</Attribute>
<Attribute name="id_metodo_pago" id="FF7C10DC-05EB-CCAF-DFD5-5EF4BFCBAA1B">
<createdBy>abdul</createdBy>
<createdTime>2025-09-14 21:40:33 UTC</createdTime>
<generatorID>EEDC6263-D355-3773-8B1F-AC5AA3433F83</generatorID>
<ownerDesignName>MODELO LOGICO SEMANA 5</ownerDesignName>
<engineerTo>
<item key="5E73717E-40AD-34B8-D4C7-63FCA818A818" value="true"/>
</engineerTo>
<referedAttribute>83354A95-E29C-BF8E-596A-C0A6EBEC2993</referedAttribute>
<useDomainConstraints>false</useDomainConstraints>
<use>1</use>
<logicalDatatype>LOGDT019</logicalDatatype>
<ownDataTypeParameters>,,</ownDataTypeParameters>
</Attribute>
</attributes>
<identifiers itemClass="oracle.dbtools.crest.model.design.logical.CandidateKey">
<identifier id="C6318319-D4F0-B70B-061E-CCEBA52F5D85" name="PAGO PK">
<createdBy>abdul</createdBy>
<createdTime>2025-09-14 20:20:01 UTC</createdTime>
<ownerDesignName>MODELO LOGICO SEMANA 5</ownerDesignName>
<engineerTo>
<item key="5E73717E-40AD-34B8-D4C7-63FCA818A818" value="true"/>
</engineerTo>
<pk>true</pk>
<usedAttributes>
<attributeRef>53777A0B-8EA2-8020-E308-0E627693B10C</attributeRef>
</usedAttributes>
</identifier>
</identifiers>
</Entity>