<?xml version = '1.0' encoding = 'UTF-8'?>
<Entity class="oracle.dbtools.crest.model.design.logical.Entity" directorySegmentName="seg_0" id="FDA8CC85-B08A-3139-5E41-4B8887F9889C" name="PACIENTE">
<createdBy>abdul</createdBy>
<createdTime>2025-09-14 18:50:42 UTC</createdTime>
<ownerDesignName>MODELO LOGICO SEMANA 5</ownerDesignName>
<engineerTo>
<item key="5E73717E-40AD-34B8-D4C7-63FCA818A818" value="true"/>
</engineerTo>
<adequatelyNormalized>NO</adequatelyNormalized>
<expectedVolumes>0</expectedVolumes>
<fwdEngineeringStrategyName>Single Table</fwdEngineeringStrategyName>
<growthPercent>0</growthPercent>
<growthType>Year</growthType>
<maxVolumes>9999999</maxVolumes>
<minVolumes>0</minVolumes>
<normalForm>Third</normalForm>
<attributes itemClass="oracle.dbtools.crest.model.design.logical.Attribute">
<Attribute name="id_paciente" id="1855CB98-CD85-B266-AD68-03D1DECC91F6">
<createdBy>abdul</createdBy>
<createdTime>2025-09-14 18:53:37 UTC</createdTime>
<ownerDesignName>MODELO LOGICO SEMANA 5</ownerDesignName>
<engineerTo>
<item key="5E73717E-40AD-34B8-D4C7-63FCA818A818" value="true"/>
</engineerTo>
<useDomainConstraints>false</useDomainConstraints>
<use>1</use>
<logicalDatatype>LOGDT019</logicalDatatype>
<ownDataTypeParameters>,,</ownDataTypeParameters>
</Attribute>
<Attribute name="rut" id="FD0B53B4-B11A-63C8-0E5E-396A5301C448">
<createdBy>abdul</createdBy>
<createdTime>2025-09-14 18:54:17 UTC</createdTime>
<ownerDesignName>MODELO LOGICO SEMANA 5</ownerDesignName>
<engineerTo>
<item key="5E73717E-40AD-34B8-D4C7-63FCA818A818" value="true"/>
</engineerTo>
<useDomainConstraints>false</useDomainConstraints>
<use>1</use>
<logicalDatatype>LOGDT024</logicalDatatype>
<dataTypeSize>15</dataTypeSize>
<ownDataTypeParameters>15,,</ownDataTypeParameters>
</Attribute>
<Attribute name="nombre" id="FEE6C0B2-E709-E96D-2162-60C8E80E7EB1">
<createdBy>abdul</createdBy>
<createdTime>2025-09-14 18:53:47 UTC</createdTime>
<ownerDesignName>MODELO LOGICO SEMANA 5</ownerDesignName>
<engineerTo>
<item key="5E73717E-40AD-34B8-D4C7-63FCA818A818" value="true"/>
</engineerTo>
<useDomainConstraints>false</useDomainConstraints>
<use>1</use>
<logicalDatatype>LOGDT024</logicalDatatype>
<dataTypeSize>100</dataTypeSize>
<ownDataTypeParameters>100,,</ownDataTypeParameters>
</Attribute>
<Attribute name="fecha_nacimiento" id="0AD351BE-07C5-5668-498F-75FABD6F8868">
<createdBy>abdul</createdBy>
<createdTime>2025-09-14 19:03:03 UTC</createdTime>
<ownerDesignName>MODELO LOGICO SEMANA 5</ownerDesignName>
<engineerTo>
<item key="5E73717E-40AD-34B8-D4C7-63FCA818A818" value="true"/>
</engineerTo>
<useDomainConstraints>false</useDomainConstraints>
<use>1</use>
<logicalDatatype>LOGDT007</logicalDatatype>
<ownDataTypeParameters>,,</ownDataTypeParameters>
</Attribute>
<Attribute name="telefono" id="280DF92E-E441-47E4-60D7-9A64C243709F">
<createdBy>abdul</createdBy>
<createdTime>2025-09-14 18:55:08 UTC</createdTime>
<ownerDesignName>MODELO LOGICO SEMANA 5</ownerDesignName>
<engineerTo>
<item key="5E73717E-40AD-34B8-D4C7-63FCA818A818" value="true"/>
</engineerTo>
<useDomainConstraints>false</useDomainConstraints>
<use>1</use>
<logicalDatatype>LOGDT019</logicalDatatype>
<ownDataTypeParameters>,,</ownDataTypeParameters>
</Attribute>
<Attribute name="direccion" id="7BA39475-BAC7-F654-6E39-DB6A77AFB3D3">
<createdBy>abdul</createdBy>
<createdTime>2025-09-14 18:55:39 UTC</createdTime>
<ownerDesignName>MODELO LOGICO SEMANA 5</ownerDesignName>
<engineerTo>
<item key="5E73717E-40AD-34B8-D4C7-63FCA818A818" value="true"/>
</engineerTo>
<useDomainConstraints>false</useDomainConstraints>
<use>1</use>
<logicalDatatype>LOGDT024</logicalDatatype>
<dataTypeSize>150</dataTypeSize>
<ownDataTypeParameters>150,,</ownDataTypeParameters>
</Attribute>
<Attribute name="id_comuna" id="F773F532-EDBE-B746-E371-563F8D998407">
<createdBy>abdul</createdBy>
<createdTime>2025-09-14 20:30:02 UTC</createdTime>
<generatorID>BC243BF6-9A94-551B-5AC6-FC5D584A9FAD</generatorID>
<ownerDesignName>MODELO LOGICO SEMANA 5</ownerDesignName>
<engineerTo>
<item key="5E73717E-40AD-34B8-D4C7-63FCA818A818" value="true"/>
</engineerTo>
<referedAttribute>0C1C8311-D055-03C7-4C77-04DDD77A3D77</referedAttribute>
<useDomainConstraints>false</useDomainConstraints>
<use>1</use>
<logicalDatatype>LOGDT019</logicalDatatype>
<ownDataTypeParameters>,,</ownDataTypeParameters>
</Attribute>
<Attribute name="id_sexo" id="9505FF97-C8D9-FB92-7457-137616102FA6">
<createdBy>abdul</createdBy>
<createdTime>2025-09-14 20:38:04 UTC</createdTime>
<generatorID>8D4A249A-87D7-2C85-5910-0BDFE948BFBD</generatorID>
<ownerDesignName>MODELO LOGICO SEMANA 5</ownerDesignName>
<engineerTo>
<item key="5E73717E-40AD-34B8-D4C7-63FCA818A818" value="true"/>
</engineerTo>
<referedAttribute>75D013BB-E0D9-8D06-93FB-FE218938829A</referedAttribute>
<useDomainConstraints>false</useDomainConstraints>
<use>1</use>
<logicalDatatype>LOGDT019</logicalDatatype>
<ownDataTypeParameters>,,</ownDataTypeParameters>
</Attribute>
<Attribute name="id_tip_paciente" id="0DD01810-4EE0-94E8-DA73-40355F678791">
<createdBy>abdul</createdBy>
<createdTime>2025-09-14 20:38:19 UTC</createdTime>
<generatorID>37FBF011-7DE0-DD60-7ACA-98D209D6E0D2</generatorID>
<ownerDesignName>MODELO LOGICO SEMANA 5</ownerDesignName>
<engineerTo>
<item key="5E73717E-40AD-34B8-D4C7-63FCA818A818" value="true"/>
</engineerTo>
<referedAttribute>D26506AE-23E6-13B8-8556-D1902F0B85F1</referedAttribute>
<useDomainConstraints>false</useDomainConstraints>
<use>1</use>
<logicalDatatype>LOGDT019</logicalDatatype>
<ownDataTypeParameters>,,</ownDataTypeParameters>
</Attribute>
</attributes>
<identifiers itemClass="oracle.dbtools.crest.model.design.logical.CandidateKey">
<identifier id="0EE33A59-21FA-A3C0-AE1C-8D54AD9D2B66" name="PACIENTE PK">
<createdBy>abdul</createdBy>
<createdTime>2025-09-14 18:53:45 UTC</createdTime>
<ownerDesignName>MODELO LOGICO SEMANA 5</ownerDesignName>
<shouldEngineer>false</shouldEngineer>
<engineerTo>
<item key="5E73717E-40AD-34B8-D4C7-63FCA818A818" value="false"/>
</engineerTo>
<pk>true</pk>
<usedAttributes>
<attributeRef>1855CB98-CD85-B266-AD68-03D1DECC91F6</attributeRef>
</usedAttributes>
</identifier>
<identifier id="ECBEE97F-41CE-6F5C-1FAE-4D37645F389B" name="UK_PACIENTE_RUT">
<createdBy>abdul</createdBy>
<createdTime>2025-09-14 20:41:58 UTC</createdTime>
<ownerDesignName>MODELO LOGICO SEMANA 5</ownerDesignName>
<shouldEngineer>false</shouldEngineer>
<engineerTo>
<item key="5E73717E-40AD-34B8-D4C7-63FCA818A818" value="false"/>
</engineerTo>
<newElementsIDs>FD0B53B4-B11A-63C8-0E5E-396A5301C448</newElementsIDs>
<usedAttributes>
<attributeRef>FD0B53B4-B11A-63C8-0E5E-396A5301C448</attributeRef>
</usedAttributes>
</identifier>
</identifiers>
</Entity>