<?xml version = '1.0' encoding = 'UTF-8'?>
<relationalModel class="oracle.dbtools.crest.model.design.relational.RelationalDesign" name="Relational_1" id="16AB2027-D3AE-6734-90A0-D0C62600ED55" mainViewID="8895A77E-D950-E764-1689-1BAF700752D3">
<createdBy>abdul</createdBy>
<createdTime>2025-09-07 20:50:47 UTC</createdTime>
<ownerDesignName>ACTIVIDAD SEMANA 4</ownerDesignName>
<shouldBeOpen>false</shouldBeOpen>
<selectedRDBMSSite>32076570-2523-435C-2E92-BF29817DFF70</selectedRDBMSSite>
</relationalModel>