<?xml version = '1.0' encoding = 'UTF-8'?>
<Diagram class="oracle.dbtools.crest.swingui.logical.DPVLogical" name="Logical" id="4BAAA44E-42F2-5EF6-2B5B-D246355617A9">
<createdBy>abdul</createdBy>
<modifiedBy>abdul</modifiedBy>
<createdTime>2025-09-07 20:51:23 UTC</createdTime>
<autoRoute>false</autoRoute>
<boxInbox>false</boxInbox>
<showLegend>false</showLegend>
<showLabels>false</showLabels>
<showRelAttributes>false</showRelAttributes>
<gridEnabled>false</gridEnabled>
<showGrid>false</showGrid>
<diagramColor>-1</diagramColor>
<display>false</display>
<notation>1</notation>
<objectViews>
<OView class="oracle.dbtools.crest.swingui.logical.TVEntity" oid="03071140-D2C8-863C-47E5-786C48BE492B" otype="Entity" vid="27A95496-86E4-3290-0B15-35F8B2674FF2">
<hideElementsInCurrentOnly>false</hideElementsInCurrentOnly>
<bounds x="10" y="136" width="145" height="91"/>
</OView>
<OView class="oracle.dbtools.crest.swingui.logical.TVEntity" oid="1FE421B5-6CFF-88E9-85B1-59CC022031E8" otype="Entity" vid="A33241F4-40AB-DE99-1965-7C8790FCCD86">
<hideElementsInCurrentOnly>false</hideElementsInCurrentOnly>
<bounds x="222" y="372" width="171" height="146"/>
</OView>
<OView class="oracle.dbtools.crest.swingui.logical.TVEntity" oid="27CD262F-5F7D-1AD4-B251-908CEFC61A91" otype="Entity" vid="7EDD3BA9-BDD2-6774-6FDC-7CB91CB96262">
<hideElementsInCurrentOnly>false</hideElementsInCurrentOnly>
<bounds x="624" y="58" width="260" height="212"/>
</OView>
<OView class="oracle.dbtools.crest.swingui.logical.TVEntity" oid="4B507A63-38DC-97A5-250C-7D08A179E0BE" otype="Entity" vid="D8356CEF-C2A5-D1F4-E4F9-98322827F73D">
<hideElementsInCurrentOnly>false</hideElementsInCurrentOnly>
<bounds x="622" y="428" width="268" height="329"/>
</OView>
<OView class="oracle.dbtools.crest.swingui.logical.TVEntity" oid="4BD14F50-EC08-EF5E-E819-C467270E31FA" otype="Entity" vid="EFB86444-38DA-33BA-962B-34E68597139E">
<hideElementsInCurrentOnly>false</hideElementsInCurrentOnly>
<bounds x="1416" y="65" width="134" height="105"/>
</OView>
<OView class="oracle.dbtools.crest.swingui.logical.TVEntity" oid="4F3D523E-9006-1AED-EE0C-AEED206DFD2F" otype="Entity" vid="C6B8FC33-A7E3-13E4-E3BA-9B50EBF1311A">
<hideElementsInCurrentOnly>false</hideElementsInCurrentOnly>
<bounds x="8" y="234" width="120" height="95"/>
</OView>
<OView class="oracle.dbtools.crest.swingui.logical.TVEntity" oid="692C556D-3696-1359-0A4F-3E31C94A6C64" otype="Entity" vid="A09DB9BB-ADA9-EA1E-A8CE-8C1826787551">
<hideElementsInCurrentOnly>false</hideElementsInCurrentOnly>
<bounds x="10" y="14" width="143" height="114"/>
</OView>
<OView class="oracle.dbtools.crest.swingui.logical.TVEntity" oid="834A59F8-4E6B-69E4-070D-607A154BAF22" otype="Entity" vid="133A3FC1-886E-B9CF-7E7A-86610E2FCCE4">
<hideElementsInCurrentOnly>false</hideElementsInCurrentOnly>
<bounds x="1113" y="187" width="154" height="108"/>
</OView>
<OView class="oracle.dbtools.crest.swingui.logical.TVEntity" oid="9148B129-15F5-022C-52F1-54C45E921A65" otype="Entity" vid="CC8AB762-672E-21E4-C6E8-4E88CE4400F7">
<hideElementsInCurrentOnly>false</hideElementsInCurrentOnly>
<bounds x="1430" y="237" width="124" height="129"/>
</OView>
<OView class="oracle.dbtools.crest.swingui.logical.TVEntity" oid="9D9E86C0-3AE4-5BF8-6AAA-F4517132F186" otype="Entity" vid="EFEADC2A-9653-4375-D2D5-FE12C4DFD622">
<hideElementsInCurrentOnly>false</hideElementsInCurrentOnly>
<bounds x="422" y="376" width="114" height="143"/>
</OView>
<OView class="oracle.dbtools.crest.swingui.logical.TVEntity" oid="CFDE8D33-C329-885F-3A21-9865C53C15AA" otype="Entity" vid="4C1FE76A-5CD1-33F4-9DC1-405D0C153AF7">
<hideElementsInCurrentOnly>false</hideElementsInCurrentOnly>
<bounds x="1113" y="58" width="163" height="111"/>
</OView>
<OView class="oracle.dbtools.crest.swingui.logical.TVEntity" oid="F3E8D022-F6B3-F9F5-8209-955780646FB1" otype="Entity" vid="DC0AC025-B969-B2BE-776C-5CE12760B28C">
<hideElementsInCurrentOnly>false</hideElementsInCurrentOnly>
<bounds x="420" y="588" width="106" height="147"/>
</OView>
<OView class="oracle.dbtools.crest.swingui.logical.TVEntity" oid="FB88A766-9EEF-9442-AF21-AF9C76FD9313" otype="Entity" vid="98D06E78-4B3F-90EE-3101-F894A072CA11">
<hideElementsInCurrentOnly>false</hideElementsInCurrentOnly>
<bounds x="266" y="42" width="268" height="244"/>
</OView>
</objectViews>
<connectors>
<Connector class="oracle.dbtools.crest.swingui.logical.TVRelation" oid="2716C5CE-8871-CF91-431C-1239A86DF5BA" otype="Relation" vid_source="4C1FE76A-5CD1-33F4-9DC1-405D0C153AF7" vid_target="EFB86444-38DA-33BA-962B-34E68597139E">
<hideElementsInCurrentOnly>false</hideElementsInCurrentOnly>
<backgroundColor>-16777216</backgroundColor>
<lineWidth>1</lineWidth>
<points>
<point x="1276" y="132"/>
<point x="1416" y="132"/>
</points>
</Connector>
<Connector class="oracle.dbtools.crest.swingui.logical.TVRelation" oid="42423E57-654C-62D9-65A6-3D583EC4BC19" otype="Relation" vid_source="27A95496-86E4-3290-0B15-35F8B2674FF2" vid_target="98D06E78-4B3F-90EE-3101-F894A072CA11">
<hideElementsInCurrentOnly>false</hideElementsInCurrentOnly>
<backgroundColor>-16777216</backgroundColor>
<lineWidth>1</lineWidth>
<points>
<point x="155" y="181"/>
<point x="266" y="181"/>
</points>
</Connector>
<Connector class="oracle.dbtools.crest.swingui.logical.TVInheritanceRelation" oid="4FADC17F-6A4B-5F99-C436-8DAA2D319B31" otype="Hierarchy relation" vid_source="7EDD3BA9-BDD2-6774-6FDC-7CB91CB96262" vid_target="133A3FC1-886E-B9CF-7E7A-86610E2FCCE4">
<hideElementsInCurrentOnly>false</hideElementsInCurrentOnly>
<backgroundColor>-65536</backgroundColor>
<lineWidth>1</lineWidth>
<points>
<point x="884" y="243"/>
<point x="1113" y="243"/>
</points>
</Connector>
<Connector class="oracle.dbtools.crest.swingui.logical.TVRelation" oid="562C38FD-3D22-CD1A-5476-769A5A371ACC" otype="Relation" vid_source="C6B8FC33-A7E3-13E4-E3BA-9B50EBF1311A" vid_target="98D06E78-4B3F-90EE-3101-F894A072CA11">
<hideElementsInCurrentOnly>false</hideElementsInCurrentOnly>
<backgroundColor>-16777216</backgroundColor>
<lineWidth>1</lineWidth>
<points>
<point x="128" y="260"/>
<point x="266" y="260"/>
</points>
</Connector>
<Connector class="oracle.dbtools.crest.swingui.logical.TVRelation" oid="566E118E-E29C-2EB9-3A83-44617DB335B7" otype="Relation" vid_source="98D06E78-4B3F-90EE-3101-F894A072CA11" vid_target="7EDD3BA9-BDD2-6774-6FDC-7CB91CB96262">
<hideElementsInCurrentOnly>false</hideElementsInCurrentOnly>
<backgroundColor>-16777216</backgroundColor>
<lineWidth>1</lineWidth>
<points>
<point x="534" y="164"/>
<point x="624" y="164"/>
</points>
</Connector>
<Connector class="oracle.dbtools.crest.swingui.logical.TVRelation" oid="74EF6DC7-81E2-0C8D-6C7D-08A9F874DD87" otype="Relation" vid_source="EFEADC2A-9653-4375-D2D5-FE12C4DFD622" vid_target="98D06E78-4B3F-90EE-3101-F894A072CA11">
<hideElementsInCurrentOnly>false</hideElementsInCurrentOnly>
<backgroundColor>-16777216</backgroundColor>
<lineWidth>1</lineWidth>
<points>
<point x="478" y="376"/>
<point x="478" y="286"/>
</points>
</Connector>
<Connector class="oracle.dbtools.crest.swingui.logical.TVInheritanceRelation" oid="89077892-E869-0065-9DA8-7CD72C4EBEE8" otype="Hierarchy relation" vid_source="7EDD3BA9-BDD2-6774-6FDC-7CB91CB96262" vid_target="4C1FE76A-5CD1-33F4-9DC1-405D0C153AF7">
<hideElementsInCurrentOnly>false</hideElementsInCurrentOnly>
<backgroundColor>-65536</backgroundColor>
<lineWidth>1</lineWidth>
<points>
<point x="884" y="68"/>
<point x="1113" y="68"/>
</points>
</Connector>
<Connector class="oracle.dbtools.crest.swingui.logical.TVRelation" oid="B1CA87EA-43DB-28BD-6297-A590541A1415" otype="Relation" vid_source="D8356CEF-C2A5-D1F4-E4F9-98322827F73D" vid_target="7EDD3BA9-BDD2-6774-6FDC-7CB91CB96262">
<hideElementsInCurrentOnly>false</hideElementsInCurrentOnly>
<backgroundColor>-16777216</backgroundColor>
<lineWidth>1</lineWidth>
<points>
<point x="754" y="428"/>
<point x="754" y="270"/>
</points>
</Connector>
<Connector class="oracle.dbtools.crest.swingui.logical.TVRelation" oid="B9525EE4-C1CB-A28A-0642-BF46C6B50DBF" otype="Relation" vid_source="DC0AC025-B969-B2BE-776C-5CE12760B28C" vid_target="D8356CEF-C2A5-D1F4-E4F9-98322827F73D">
<hideElementsInCurrentOnly>false</hideElementsInCurrentOnly>
<backgroundColor>-16777216</backgroundColor>
<lineWidth>1</lineWidth>
<points>
<point x="526" y="661"/>
<point x="622" y="661"/>
</points>
</Connector>
<Connector class="oracle.dbtools.crest.swingui.logical.TVRelation" oid="BC97207C-C2E5-EF35-71D2-5898A540DF89" otype="Relation" vid_source="EFEADC2A-9653-4375-D2D5-FE12C4DFD622" vid_target="DC0AC025-B969-B2BE-776C-5CE12760B28C">
<hideElementsInCurrentOnly>false</hideElementsInCurrentOnly>
<backgroundColor>-16777216</backgroundColor>
<lineWidth>1</lineWidth>
<points>
<point x="474" y="519"/>
<point x="474" y="588"/>
</points>
</Connector>
<Connector class="oracle.dbtools.crest.swingui.logical.TVRelation" oid="D4BFD423-5923-B91C-B497-A89335D5CDA2" otype="Relation" vid_source="CC8AB762-672E-21E4-C6E8-4E88CE4400F7" vid_target="EFB86444-38DA-33BA-962B-34E68597139E">
<hideElementsInCurrentOnly>false</hideElementsInCurrentOnly>
<backgroundColor>-16777216</backgroundColor>
<lineWidth>1</lineWidth>
<points>
<point x="1505" y="237"/>
<point x="1505" y="170"/>
</points>
</Connector>
<Connector class="oracle.dbtools.crest.swingui.logical.TVRelation" oid="DED75B8C-E28E-F6B9-0793-330DE8C54FDB" otype="Relation" vid_source="A09DB9BB-ADA9-EA1E-A8CE-8C1826787551" vid_target="98D06E78-4B3F-90EE-3101-F894A072CA11">
<hideElementsInCurrentOnly>false</hideElementsInCurrentOnly>
<backgroundColor>-16777216</backgroundColor>
<lineWidth>1</lineWidth>
<points>
<point x="153" y="85"/>
<point x="266" y="85"/>
</points>
</Connector>
<Connector class="oracle.dbtools.crest.swingui.logical.TVRelation" oid="E9918A9D-E6D7-D244-1854-EE494B58CD6A" otype="Relation" vid_source="98D06E78-4B3F-90EE-3101-F894A072CA11" vid_target="A33241F4-40AB-DE99-1965-7C8790FCCD86">
<hideElementsInCurrentOnly>false</hideElementsInCurrentOnly>
<backgroundColor>-16777216</backgroundColor>
<lineWidth>1</lineWidth>
<points>
<point x="329" y="286"/>
<point x="329" y="372"/>
</points>
</Connector>
</connectors>
<arcs>
<Arc class="oracle.dbtools.crest.swingui.logical.TVArc" oid="979E0B13-1EB4-8751-C44C-E8852E9572B2" otype="Arc" vid="81DFD7A8-71B7-214B-136F-3493C1A599F4">
<hideElementsInCurrentOnly>false</hideElementsInCurrentOnly>
<bounds x="604" y="38" width="300" height="252"/>
</Arc>
</arcs>
</Diagram>