<?xml version = '1.0' encoding = 'UTF-8'?>
<Entity class="oracle.dbtools.crest.model.design.logical.Entity" directorySegmentName="seg_0" id="27CD262F-5F7D-1AD4-B251-908CEFC61A91" name="POSTULACION">
<createdBy>abdul</createdBy>
<createdTime>2025-09-07 21:30:38 UTC</createdTime>
<ownerDesignName>ACTIVIDAD SEMANA 4</ownerDesignName>
<engineerTo>
<item key="16AB2027-D3AE-6734-90A0-D0C62600ED55" value="true"/>
</engineerTo>
<adequatelyNormalized>NO</adequatelyNormalized>
<expectedVolumes>0</expectedVolumes>
<fwdEngineeringStrategyName>Single Table</fwdEngineeringStrategyName>
<growthPercent>0</growthPercent>
<growthType>Year</growthType>
<maxVolumes>9999999</maxVolumes>
<minVolumes>0</minVolumes>
<normalForm>Third</normalForm>
<attributes itemClass="oracle.dbtools.crest.model.design.logical.Attribute">
<Attribute name="id_postulacion" id="9B8A69EA-A11F-3851-95F3-48B2B34F9CA1">
<createdBy>abdul</createdBy>
<createdTime>2025-09-07 21:30:44 UTC</createdTime>
<ownerDesignName>ACTIVIDAD SEMANA 4</ownerDesignName>
<engineerTo>
<item key="16AB2027-D3AE-6734-90A0-D0C62600ED55" value="true"/>
</engineerTo>
<useDomainConstraints>false</useDomainConstraints>
<use>1</use>
<logicalDatatype>LOGDT019</logicalDatatype>
<ownDataTypeParameters>,,</ownDataTypeParameters>
</Attribute>
<Attribute name="fecha_postulacion" id="5C97B1E0-7B11-3345-4652-CD4E989E9E7C">
<createdBy>abdul</createdBy>
<createdTime>2025-09-07 21:31:00 UTC</createdTime>
<ownerDesignName>ACTIVIDAD SEMANA 4</ownerDesignName>
<engineerTo>
<item key="16AB2027-D3AE-6734-90A0-D0C62600ED55" value="true"/>
</engineerTo>
<useDomainConstraints>false</useDomainConstraints>
<use>1</use>
<logicalDatatype>LOGDT007</logicalDatatype>
<ownDataTypeParameters>,,</ownDataTypeParameters>
</Attribute>
<Attribute name="id_postulante" id="FF3544A0-4938-E6B9-5F4B-60C0129CF757">
<createdBy>abdul</createdBy>
<createdTime>2025-09-07 23:07:47 UTC</createdTime>
<generatorID>566E118E-E29C-2EB9-3A83-44617DB335B7</generatorID>
<ownerDesignName>ACTIVIDAD SEMANA 4</ownerDesignName>
<engineerTo>
<item key="16AB2027-D3AE-6734-90A0-D0C62600ED55" value="true"/>
</engineerTo>
<referedAttribute>FE8E553C-B04F-C2F9-8A9F-2D29D63899D9</referedAttribute>
<useDomainConstraints>false</useDomainConstraints>
<use>1</use>
<logicalDatatype>LOGDT019</logicalDatatype>
<ownDataTypeParameters>,,</ownDataTypeParameters>
</Attribute>
<Attribute name="id_empresa" id="903267DB-E35D-C2E7-95BB-3EB733ECDBE5">
<createdBy>abdul</createdBy>
<createdTime>2025-09-07 23:07:55 UTC</createdTime>
<generatorID>B1CA87EA-43DB-28BD-6297-A590541A1415</generatorID>
<ownerDesignName>ACTIVIDAD SEMANA 4</ownerDesignName>
<engineerTo>
<item key="16AB2027-D3AE-6734-90A0-D0C62600ED55" value="true"/>
</engineerTo>
<referedAttribute>59D72D99-2A29-840C-1723-E9C552582F86</referedAttribute>
<useDomainConstraints>false</useDomainConstraints>
<use>1</use>
<logicalDatatype>LOGDT024</logicalDatatype>
<ownDataTypeParameters>,,</ownDataTypeParameters>
</Attribute>
</attributes>
<identifiers itemClass="oracle.dbtools.crest.model.design.logical.CandidateKey">
<identifier id="89649018-DBC9-F0E3-8615-CAFF8FBE3A31" name="POSTULACION PK">
<createdBy>abdul</createdBy>
<createdTime>2025-09-07 21:30:59 UTC</createdTime>
<ownerDesignName>ACTIVIDAD SEMANA 4</ownerDesignName>
<engineerTo>
<item key="16AB2027-D3AE-6734-90A0-D0C62600ED55" value="true"/>
</engineerTo>
<pk>true</pk>
<usedAttributes>
<attributeRef>9B8A69EA-A11F-3851-95F3-48B2B34F9CA1</attributeRef>
</usedAttributes>
</identifier>
</identifiers>
</Entity>