<?xml version = '1.0' encoding = 'UTF-8'?>
<Entity class="oracle.dbtools.crest.model.design.logical.Entity" directorySegmentName="seg_0" id="692C556D-3696-1359-0A4F-3E31C94A6C64" name="GENERO">
<createdBy>abdul</createdBy>
<createdTime>2025-09-07 22:16:44 UTC</createdTime>
<ownerDesignName>ACTIVIDAD SEMANA 4</ownerDesignName>
<engineerTo>
<item key="16AB2027-D3AE-6734-90A0-D0C62600ED55" value="true"/>
</engineerTo>
<adequatelyNormalized>NO</adequatelyNormalized>
<expectedVolumes>0</expectedVolumes>
<fwdEngineeringStrategyName>Single Table</fwdEngineeringStrategyName>
<growthPercent>0</growthPercent>
<growthType>Year</growthType>
<maxVolumes>9999999</maxVolumes>
<minVolumes>0</minVolumes>
<normalForm>Third</normalForm>
<attributes itemClass="oracle.dbtools.crest.model.design.logical.Attribute">
<Attribute name="id_genero" id="E1ECB74F-9D7F-2468-3F33-9D055C2B070B">
<createdBy>abdul</createdBy>
<createdTime>2025-09-07 22:16:49 UTC</createdTime>
<ownerDesignName>ACTIVIDAD SEMANA 4</ownerDesignName>
<engineerTo>
<item key="16AB2027-D3AE-6734-90A0-D0C62600ED55" value="true"/>
</engineerTo>
<useDomainConstraints>false</useDomainConstraints>
<use>1</use>
<logicalDatatype>LOGDT019</logicalDatatype>
<ownDataTypeParameters>,,</ownDataTypeParameters>
</Attribute>
<Attribute name="nombre_genero" id="405C27C7-8CD1-78D8-E1E2-5BAD6FEA5595">
<createdBy>abdul</createdBy>
<createdTime>2025-09-07 22:16:57 UTC</createdTime>
<ownerDesignName>ACTIVIDAD SEMANA 4</ownerDesignName>
<engineerTo>
<item key="16AB2027-D3AE-6734-90A0-D0C62600ED55" value="true"/>
</engineerTo>
<useDomainConstraints>false</useDomainConstraints>
<use>1</use>
<logicalDatatype>LOGDT024</logicalDatatype>
<ownDataTypeParameters>,,</ownDataTypeParameters>
</Attribute>
</attributes>
<identifiers itemClass="oracle.dbtools.crest.model.design.logical.CandidateKey">
<identifier id="CADD60B2-43DD-EC01-AE47-642F91F7F234" name="GENERO PK">
<createdBy>abdul</createdBy>
<createdTime>2025-09-07 22:16:52 UTC</createdTime>
<ownerDesignName>ACTIVIDAD SEMANA 4</ownerDesignName>
<engineerTo>
<item key="16AB2027-D3AE-6734-90A0-D0C62600ED55" value="true"/>
</engineerTo>
<pk>true</pk>
<usedAttributes>
<attributeRef>E1ECB74F-9D7F-2468-3F33-9D055C2B070B</attributeRef>
</usedAttributes>
</identifier>
</identifiers>
</Entity>