<?xml version = '1.0' encoding = 'UTF-8'?>
<Entity class="oracle.dbtools.crest.model.design.logical.Entity" directorySegmentName="seg_0" id="9D9E86C0-3AE4-5BF8-6AAA-F4517132F186" name="PAIS">
<createdBy>abdul</createdBy>
<createdTime>2025-09-07 22:04:06 UTC</createdTime>
<ownerDesignName>ACTIVIDAD SEMANA 4</ownerDesignName>
<engineerTo>
<item key="16AB2027-D3AE-6734-90A0-D0C62600ED55" value="true"/>
</engineerTo>
<adequatelyNormalized>NO</adequatelyNormalized>
<expectedVolumes>0</expectedVolumes>
<fwdEngineeringStrategyName>Single Table</fwdEngineeringStrategyName>
<growthPercent>0</growthPercent>
<growthType>Year</growthType>
<maxVolumes>9999999</maxVolumes>
<minVolumes>0</minVolumes>
<normalForm>Third</normalForm>
<attributes itemClass="oracle.dbtools.crest.model.design.logical.Attribute">
<Attribute name="id_pais" id="C5E1E2CB-E60D-B4DF-1AAC-3C767ADE995A">
<createdBy>abdul</createdBy>
<createdTime>2025-09-07 22:04:11 UTC</createdTime>
<ownerDesignName>ACTIVIDAD SEMANA 4</ownerDesignName>
<engineerTo>
<item key="16AB2027-D3AE-6734-90A0-D0C62600ED55" value="true"/>
</engineerTo>
<useDomainConstraints>false</useDomainConstraints>
<use>1</use>
<logicalDatatype>LOGDT019</logicalDatatype>
<ownDataTypeParameters>,,</ownDataTypeParameters>
</Attribute>
<Attribute name="nombre" id="C56D6415-0175-27FB-4334-9D5067C4286E">
<createdBy>abdul</createdBy>
<createdTime>2025-09-07 22:04:22 UTC</createdTime>
<ownerDesignName>ACTIVIDAD SEMANA 4</ownerDesignName>
<engineerTo>
<item key="16AB2027-D3AE-6734-90A0-D0C62600ED55" value="true"/>
</engineerTo>
<useDomainConstraints>false</useDomainConstraints>
<use>1</use>
<logicalDatatype>LOGDT024</logicalDatatype>
<ownDataTypeParameters>,,</ownDataTypeParameters>
</Attribute>
</attributes>
<identifiers itemClass="oracle.dbtools.crest.model.design.logical.CandidateKey">
<identifier id="A2E86C10-E468-F5F3-971A-2DE5F351201F" name="PAIS PK">
<createdBy>abdul</createdBy>
<createdTime>2025-09-07 22:04:21 UTC</createdTime>
<ownerDesignName>ACTIVIDAD SEMANA 4</ownerDesignName>
<engineerTo>
<item key="16AB2027-D3AE-6734-90A0-D0C62600ED55" value="true"/>
</engineerTo>
<pk>true</pk>
<usedAttributes>
<attributeRef>C5E1E2CB-E60D-B4DF-1AAC-3C767ADE995A</attributeRef>
</usedAttributes>
</identifier>
</identifiers>
</Entity>