<?xml version = '1.0' encoding = 'UTF-8'?>
<Entity class="oracle.dbtools.crest.model.design.logical.Entity" directorySegmentName="seg_0" id="FB88A766-9EEF-9442-AF21-AF9C76FD9313" name="POSTULANTE">
<createdBy>abdul</createdBy>
<createdTime>2025-09-07 21:23:40 UTC</createdTime>
<ownerDesignName>ACTIVIDAD SEMANA 4</ownerDesignName>
<engineerTo>
<item key="16AB2027-D3AE-6734-90A0-D0C62600ED55" value="true"/>
</engineerTo>
<adequatelyNormalized>NO</adequatelyNormalized>
<expectedVolumes>0</expectedVolumes>
<fwdEngineeringStrategyName>Single Table</fwdEngineeringStrategyName>
<growthPercent>0</growthPercent>
<growthType>Year</growthType>
<maxVolumes>9999999</maxVolumes>
<minVolumes>0</minVolumes>
<normalForm>Third</normalForm>
<attributes itemClass="oracle.dbtools.crest.model.design.logical.Attribute">
<Attribute name="id_postulante" id="FE8E553C-B04F-C2F9-8A9F-2D29D63899D9">
<createdBy>abdul</createdBy>
<createdTime>2025-09-07 21:23:48 UTC</createdTime>
<ownerDesignName>ACTIVIDAD SEMANA 4</ownerDesignName>
<engineerTo>
<item key="16AB2027-D3AE-6734-90A0-D0C62600ED55" value="true"/>
</engineerTo>
<useDomainConstraints>false</useDomainConstraints>
<use>1</use>
<logicalDatatype>LOGDT019</logicalDatatype>
<ownDataTypeParameters>,,</ownDataTypeParameters>
</Attribute>
<Attribute name="nombre" id="5DB778BF-3706-A47F-A6FC-DA9E00B5FA31">
<createdBy>abdul</createdBy>
<createdTime>2025-09-07 21:24:06 UTC</createdTime>
<ownerDesignName>ACTIVIDAD SEMANA 4</ownerDesignName>
<engineerTo>
<item key="16AB2027-D3AE-6734-90A0-D0C62600ED55" value="true"/>
</engineerTo>
<useDomainConstraints>false</useDomainConstraints>
<use>1</use>
<logicalDatatype>LOGDT024</logicalDatatype>
<ownDataTypeParameters>,,</ownDataTypeParameters>
</Attribute>
<Attribute name="apellido" id="925A795F-3B86-5D5F-3A5B-52FC13349580">
<createdBy>abdul</createdBy>
<createdTime>2025-09-07 21:23:59 UTC</createdTime>
<ownerDesignName>ACTIVIDAD SEMANA 4</ownerDesignName>
<engineerTo>
<item key="16AB2027-D3AE-6734-90A0-D0C62600ED55" value="true"/>
</engineerTo>
<useDomainConstraints>false</useDomainConstraints>
<use>1</use>
<logicalDatatype>LOGDT024</logicalDatatype>
<ownDataTypeParameters>,,</ownDataTypeParameters>
</Attribute>
<Attribute name="rut" id="C1ECB25C-3D78-671B-C3CE-BEE2EB3C2EE2">
<createdBy>abdul</createdBy>
<createdTime>2025-09-07 21:25:43 UTC</createdTime>
<ownerDesignName>ACTIVIDAD SEMANA 4</ownerDesignName>
<engineerTo>
<item key="16AB2027-D3AE-6734-90A0-D0C62600ED55" value="true"/>
</engineerTo>
<nullsAllowed>true</nullsAllowed>
<useDomainConstraints>false</useDomainConstraints>
<use>1</use>
<logicalDatatype>LOGDT024</logicalDatatype>
<ownDataTypeParameters>,,</ownDataTypeParameters>
</Attribute>
<Attribute name="pasaporte" id="EE6DE9CE-CB2A-AD07-55FE-7BA8FAAF1692">
<createdBy>abdul</createdBy>
<createdTime>2025-09-07 21:26:24 UTC</createdTime>
<ownerDesignName>ACTIVIDAD SEMANA 4</ownerDesignName>
<engineerTo>
<item key="16AB2027-D3AE-6734-90A0-D0C62600ED55" value="true"/>
</engineerTo>
<nullsAllowed>true</nullsAllowed>
<useDomainConstraints>false</useDomainConstraints>
<use>1</use>
<logicalDatatype>LOGDT024</logicalDatatype>
<ownDataTypeParameters>,,</ownDataTypeParameters>
</Attribute>
<Attribute name="email" id="01AA9E79-A6E3-4C2E-2EC2-275176300C99">
<createdBy>abdul</createdBy>
<createdTime>2025-09-07 21:26:58 UTC</createdTime>
<ownerDesignName>ACTIVIDAD SEMANA 4</ownerDesignName>
<engineerTo>
<item key="16AB2027-D3AE-6734-90A0-D0C62600ED55" value="true"/>
</engineerTo>
<useDomainConstraints>false</useDomainConstraints>
<use>1</use>
<logicalDatatype>LOGDT024</logicalDatatype>
<ownDataTypeParameters>,,</ownDataTypeParameters>
</Attribute>
<Attribute name="fecha_nacimiento" id="F920E16D-C3D2-AFD0-6C52-5C66684977D6">
<createdBy>abdul</createdBy>
<createdTime>2025-09-07 21:27:23 UTC</createdTime>
<ownerDesignName>ACTIVIDAD SEMANA 4</ownerDesignName>
<engineerTo>
<item key="16AB2027-D3AE-6734-90A0-D0C62600ED55" value="true"/>
</engineerTo>
<useDomainConstraints>false</useDomainConstraints>
<use>1</use>
<logicalDatatype>LOGDT007</logicalDatatype>
<ownDataTypeParameters>,,</ownDataTypeParameters>
</Attribute>
<Attribute name="renta_actual" id="75ACE383-C856-1625-F064-7098AEACB159">
<createdBy>abdul</createdBy>
<createdTime>2025-09-07 22:34:36 UTC</createdTime>
<ownerDesignName>ACTIVIDAD SEMANA 4</ownerDesignName>
<engineerTo>
<item key="16AB2027-D3AE-6734-90A0-D0C62600ED55" value="true"/>
</engineerTo>
<useDomainConstraints>false</useDomainConstraints>
<use>1</use>
<logicalDatatype>LOGDT019</logicalDatatype>
<ownDataTypeParameters>,,</ownDataTypeParameters>
</Attribute>
<Attribute name="direccion" id="FBF3F0BB-F176-7D28-E29E-4D0E7E1585D9">
<createdBy>abdul</createdBy>
<createdTime>2025-09-07 21:24:24 UTC</createdTime>
<comment><![CDATA[(en chile)]]></comment>
<commentInRDBMS><![CDATA[( en chile)]]></commentInRDBMS>
<ownerDesignName>ACTIVIDAD SEMANA 4</ownerDesignName>
<engineerTo>
<item key="16AB2027-D3AE-6734-90A0-D0C62600ED55" value="true"/>
</engineerTo>
<useDomainConstraints>false</useDomainConstraints>
<use>1</use>
<logicalDatatype>LOGDT024</logicalDatatype>
<ownDataTypeParameters>,,</ownDataTypeParameters>
</Attribute>
<Attribute name="web_site" id="6D35B899-BCBE-D1C8-1071-9572A4A09F36">
<createdBy>abdul</createdBy>
<createdTime>2025-09-07 21:28:12 UTC</createdTime>
<ownerDesignName>ACTIVIDAD SEMANA 4</ownerDesignName>
<engineerTo>
<item key="16AB2027-D3AE-6734-90A0-D0C62600ED55" value="true"/>
</engineerTo>
<nullsAllowed>true</nullsAllowed>
<useDomainConstraints>false</useDomainConstraints>
<use>1</use>
<logicalDatatype>LOGDT024</logicalDatatype>
<ownDataTypeParameters>,,</ownDataTypeParameters>
</Attribute>
<Attribute name="id_genero" id="2EB3675E-0A65-2B0D-1434-DEADD61E94AA">
<createdBy>abdul</createdBy>
<createdTime>2025-09-07 22:17:22 UTC</createdTime>
<generatorID>DED75B8C-E28E-F6B9-0793-330DE8C54FDB</generatorID>
<ownerDesignName>ACTIVIDAD SEMANA 4</ownerDesignName>
<engineerTo>
<item key="16AB2027-D3AE-6734-90A0-D0C62600ED55" value="true"/>
</engineerTo>
<referedAttribute>E1ECB74F-9D7F-2468-3F33-9D055C2B070B</referedAttribute>
<useDomainConstraints>false</useDomainConstraints>
<use>1</use>
<logicalDatatype>LOGDT019</logicalDatatype>
<ownDataTypeParameters>,,</ownDataTypeParameters>
</Attribute>
<Attribute name="id_est_civil" id="CF576414-55C6-56DA-CBED-340267CCBA5D">
<createdBy>abdul</createdBy>
<createdTime>2025-09-07 22:18:19 UTC</createdTime>
<generatorID>42423E57-654C-62D9-65A6-3D583EC4BC19</generatorID>
<ownerDesignName>ACTIVIDAD SEMANA 4</ownerDesignName>
<engineerTo>
<item key="16AB2027-D3AE-6734-90A0-D0C62600ED55" value="true"/>
</engineerTo>
<referedAttribute>D8E59F10-53AD-998A-1683-2781B610FD93</referedAttribute>
<useDomainConstraints>false</useDomainConstraints>
<use>1</use>
<logicalDatatype>LOGDT019</logicalDatatype>
<ownDataTypeParameters>,,</ownDataTypeParameters>
</Attribute>
<Attribute name="id_pais" id="72623CFB-6C64-F5FE-3835-ED304C591E50">
<createdBy>abdul</createdBy>
<createdTime>2025-09-07 22:19:38 UTC</createdTime>
<generatorID>74EF6DC7-81E2-0C8D-6C7D-08A9F874DD87</generatorID>
<ownerDesignName>ACTIVIDAD SEMANA 4</ownerDesignName>
<engineerTo>
<item key="16AB2027-D3AE-6734-90A0-D0C62600ED55" value="true"/>
</engineerTo>
<referedAttribute>C5E1E2CB-E60D-B4DF-1AAC-3C767ADE995A</referedAttribute>
<useDomainConstraints>false</useDomainConstraints>
<use>1</use>
<logicalDatatype>LOGDT019</logicalDatatype>
<ownDataTypeParameters>,,</ownDataTypeParameters>
</Attribute>
<Attribute name="id_grado" id="06108417-2125-56B5-26FB-5096E7DCA2EE">
<createdBy>abdul</createdBy>
<createdTime>2025-09-07 22:22:41 UTC</createdTime>
<generatorID>562C38FD-3D22-CD1A-5476-769A5A371ACC</generatorID>
<ownerDesignName>ACTIVIDAD SEMANA 4</ownerDesignName>
<engineerTo>
<item key="16AB2027-D3AE-6734-90A0-D0C62600ED55" value="true"/>
</engineerTo>
<referedAttribute>96AD4B38-BD9D-21FA-117D-11821D25A187</referedAttribute>
<useDomainConstraints>false</useDomainConstraints>
<use>1</use>
<logicalDatatype>LOGDT019</logicalDatatype>
<ownDataTypeParameters>,,</ownDataTypeParameters>
</Attribute>
</attributes>
<identifiers itemClass="oracle.dbtools.crest.model.design.logical.CandidateKey">
<identifier id="EB49074C-77FA-A53B-E59A-8DF41B8A18F0" name="POSTULANTE PK">
<createdBy>abdul</createdBy>
<createdTime>2025-09-07 21:23:57 UTC</createdTime>
<ownerDesignName>ACTIVIDAD SEMANA 4</ownerDesignName>
<engineerTo>
<item key="16AB2027-D3AE-6734-90A0-D0C62600ED55" value="true"/>
</engineerTo>
<pk>true</pk>
<usedAttributes>
<attributeRef>FE8E553C-B04F-C2F9-8A9F-2D29D63899D9</attributeRef>
</usedAttributes>
</identifier>
<identifier id="C35B32D1-150D-4036-971C-0BEFC26B9C97" name="Key_2">
<createdBy>abdul</createdBy>
<createdTime>2025-09-07 22:02:55 UTC</createdTime>
<ownerDesignName>ACTIVIDAD SEMANA 4</ownerDesignName>
<engineerTo>
<item key="16AB2027-D3AE-6734-90A0-D0C62600ED55" value="true"/>
</engineerTo>
<newElementsIDs>01AA9E79-A6E3-4C2E-2EC2-275176300C99</newElementsIDs>
<usedAttributes>
<attributeRef>01AA9E79-A6E3-4C2E-2EC2-275176300C99</attributeRef>
</usedAttributes>
</identifier>
<identifier id="5FAC32F5-92BD-2B3F-DBEA-7718D5DDF851" name="Key_3">
<createdBy>abdul</createdBy>
<createdTime>2025-09-07 22:03:33 UTC</createdTime>
<ownerDesignName>ACTIVIDAD SEMANA 4</ownerDesignName>
<engineerTo>
<item key="16AB2027-D3AE-6734-90A0-D0C62600ED55" value="true"/>
</engineerTo>
<newElementsIDs>6D35B899-BCBE-D1C8-1071-9572A4A09F36</newElementsIDs>
<usedAttributes>
<attributeRef>6D35B899-BCBE-D1C8-1071-9572A4A09F36</attributeRef>
</usedAttributes>
</identifier>
</identifiers>
</Entity>