<?xml version = '1.0' encoding = 'UTF-8'?>
<Relation class="oracle.dbtools.crest.model.design.logical.Relation" name="Relation_13" directorySegmentName="seg_0" id="4820852E-E3FF-42F3-9996-55557C7A9C98">
<createdBy>abdul</createdBy>
<createdTime>2025-08-31 08:13:33 UTC</createdTime>
<ownerDesignName>Vivir_Mejor_Residencia</ownerDesignName>
<engineerTo>
<item key="925B1772-7B55-CB09-6532-FBE87F1E4833" value="true"/>
</engineerTo>
<sourcePk>C8D78325-A2DB-A80B-2064-409E2A9BF5BB</sourcePk>
<identifying>false</identifying>
<optionalSource>false</optionalSource>
<optionalTarget>false</optionalTarget>
<sourceCardinality>1</sourceCardinality>
<sourceEntity>2C117852-0A2A-6882-B4E5-544AC0E6106F</sourceEntity>
<targetCardinalityString>*</targetCardinalityString>
<targetEntity>791F60FA-0638-5E22-C67B-7441746292AD</targetEntity>
<transferable>true</transferable>
<deleteRule>NO ACTION</deleteRule>
</Relation>