<?xml version = '1.0' encoding = 'UTF-8'?>
<Relation class="oracle.dbtools.crest.model.design.logical.Relation" name="Relation_9" directorySegmentName="seg_0" id="6B8341F6-5357-4A76-B1F2-D3CD243EFD49">
<createdBy>abdul</createdBy>
<createdTime>2025-08-31 07:58:05 UTC</createdTime>
<ownerDesignName>Vivir_Mejor_Residencia</ownerDesignName>
<engineerTo>
<item key="925B1772-7B55-CB09-6532-FBE87F1E4833" value="true"/>
</engineerTo>
<sourcePk>F51C62A7-6226-9469-D786-845C6EFA55D4</sourcePk>
<identifying>true</identifying>
<optionalSource>true</optionalSource>
<optionalTarget>false</optionalTarget>
<sourceCardinality>1</sourceCardinality>
<sourceEntity>26F8BDAD-A568-6509-60DE-F24C43710F2F</sourceEntity>
<targetCardinalityString>*</targetCardinalityString>
<targetEntity>791F60FA-0638-5E22-C67B-7441746292AD</targetEntity>
<transferable>true</transferable>
<deleteRule>NO ACTION</deleteRule>
</Relation>