<?xml version = '1.0' encoding = 'UTF-8'?>
<Relation class="oracle.dbtools.crest.model.design.logical.Relation" name="Relation_11" directorySegmentName="seg_0" id="9B68D99E-66EE-1562-EB38-8972A0931FD5">
<createdBy>abdul</createdBy>
<createdTime>2025-08-31 07:59:56 UTC</createdTime>
<ownerDesignName>Vivir_Mejor_Residencia</ownerDesignName>
<engineerTo>
<item key="925B1772-7B55-CB09-6532-FBE87F1E4833" value="true"/>
</engineerTo>
<sourcePk>A03CB64F-88B7-A507-E882-804D1F99B4EB</sourcePk>
<identifying>false</identifying>
<optionalSource>true</optionalSource>
<optionalTarget>false</optionalTarget>
<sourceCardinality>1</sourceCardinality>
<sourceEntity>2E2EE58C-63E5-AFBB-37F1-EA334F39CF6E</sourceEntity>
<targetCardinalityString>*</targetCardinalityString>
<targetEntity>26F8BDAD-A568-6509-60DE-F24C43710F2F</targetEntity>
<transferable>true</transferable>
<deleteRule>NO ACTION</deleteRule>
</Relation>