<?xml version = '1.0' encoding = 'UTF-8'?>
<Relation class="oracle.dbtools.crest.model.design.logical.Relation" name="Relation_7" directorySegmentName="seg_0" id="A481A3DF-5E7D-C025-BB8C-F676F534F67E">
<createdBy>abdul</createdBy>
<createdTime>2025-08-31 07:54:09 UTC</createdTime>
<ownerDesignName>Vivir_Mejor_Residencia</ownerDesignName>
<engineerTo>
<item key="925B1772-7B55-CB09-6532-FBE87F1E4833" value="true"/>
</engineerTo>
<sourcePk>869B6D15-B736-C19F-9B21-2C76A15665FC</sourcePk>
<identifying>false</identifying>
<optionalSource>true</optionalSource>
<optionalTarget>false</optionalTarget>
<sourceCardinality>1</sourceCardinality>
<sourceEntity>35411ADF-3382-C2F7-9F9B-43E23818D418</sourceEntity>
<targetCardinalityString>1</targetCardinalityString>
<targetEntity>2C117852-0A2A-6882-B4E5-544AC0E6106F</targetEntity>
<transferable>true</transferable>
<deleteRule>NO ACTION</deleteRule>
</Relation>