<?xml version = '1.0' encoding = 'UTF-8'?>
<Relation class="oracle.dbtools.crest.model.design.logical.Relation" name="Relation_23" directorySegmentName="seg_0" id="B1938CBC-F0DB-69F1-ACF5-9AE727A9F87B">
<createdBy>abdul</createdBy>
<createdTime>2025-08-31 08:39:30 UTC</createdTime>
<ownerDesignName>Vivir_Mejor_Residencia</ownerDesignName>
<engineerTo>
<item key="925B1772-7B55-CB09-6532-FBE87F1E4833" value="true"/>
</engineerTo>
<targetPk>042D8A58-7DDC-4FE1-0BA4-F67315DD2E34</targetPk>
<identifying>false</identifying>
<optionalSource>true</optionalSource>
<optionalTarget>false</optionalTarget>
<sourceCardinality>1</sourceCardinality>
<sourceEntity>424308C1-276A-4B63-CAD1-821C689F695F</sourceEntity>
<targetCardinalityString>*</targetCardinalityString>
<targetEntity>424308C1-276A-4B63-CAD1-821C689F695F</targetEntity>
<transferable>true</transferable>
<deleteRule>NO ACTION</deleteRule>
</Relation>