<?xml version = '1.0' encoding = 'UTF-8'?>
<Relation class="oracle.dbtools.crest.model.design.logical.Relation" name="Relation_6" directorySegmentName="seg_0" id="B9BF9796-8345-2962-0FA4-9DB093AC332D">
<createdBy>abdul</createdBy>
<createdTime>2025-08-31 07:51:42 UTC</createdTime>
<ownerDesignName>Vivir_Mejor_Residencia</ownerDesignName>
<engineerTo>
<item key="925B1772-7B55-CB09-6532-FBE87F1E4833" value="true"/>
</engineerTo>
<sourcePk>16B196DD-B0DE-F4F8-843A-D66AE10CAA8A</sourcePk>
<identifying>false</identifying>
<optionalSource>true</optionalSource>
<optionalTarget>false</optionalTarget>
<sourceCardinality>1</sourceCardinality>
<sourceEntity>3E4B9C24-DF5B-D912-03C2-F4EC074F1DC6</sourceEntity>
<targetCardinalityString>*</targetCardinalityString>
<targetEntity>2442E6B2-4C80-139A-90A2-1906E123708A</targetEntity>
<transferable>true</transferable>
<deleteRule>NO ACTION</deleteRule>
</Relation>