<?xml version = '1.0' encoding = 'UTF-8'?>
<Relation class="oracle.dbtools.crest.model.design.logical.Relation" name="Relation_10" directorySegmentName="seg_0" id="BD46CAA9-B037-1A36-1D0F-2833CDC1A6EE">
<createdBy>abdul</createdBy>
<createdTime>2025-08-31 07:59:46 UTC</createdTime>
<ownerDesignName>Vivir_Mejor_Residencia</ownerDesignName>
<engineerTo>
<item key="925B1772-7B55-CB09-6532-FBE87F1E4833" value="true"/>
</engineerTo>
<sourcePk>16B196DD-B0DE-F4F8-843A-D66AE10CAA8A</sourcePk>
<identifying>true</identifying>
<optionalSource>false</optionalSource>
<optionalTarget>false</optionalTarget>
<sourceCardinality>1</sourceCardinality>
<sourceEntity>3E4B9C24-DF5B-D912-03C2-F4EC074F1DC6</sourceEntity>
<targetCardinalityString>*</targetCardinalityString>
<targetEntity>35411ADF-3382-C2F7-9F9B-43E23818D418</targetEntity>
<transferable>true</transferable>
<deleteRule>NO ACTION</deleteRule>
</Relation>