<?xml version = '1.0' encoding = 'UTF-8'?>
<InheritanceRelation class="oracle.dbtools.crest.model.design.logical.InheritanceRelation" name="Hierarchy_9" directorySegmentName="seg_0" id="3198E4D1-A54F-7DCA-27BC-15ED8281E762">
<createdBy>abdul</createdBy>
<createdTime>2025-08-31 08:29:22 UTC</createdTime>
<ownerDesignName>Vivir_Mejor_Residencia</ownerDesignName>
<engineerTo>
<item key="925B1772-7B55-CB09-6532-FBE87F1E4833" value="true"/>
</engineerTo>
<arc>D13E9D8A-769F-704B-2BF9-868CB45C37CE</arc>
<identifying>false</identifying>
<nameOnSource>Super Type</nameOnSource>
<nameOnTarget>Sub Type</nameOnTarget>
<optionalSource>true</optionalSource>
<optionalTarget>true</optionalTarget>
<sourceEntity>2442E6B2-4C80-139A-90A2-1906E123708A</sourceEntity>
<targetEntity>424308C1-276A-4B63-CAD1-821C689F695F</targetEntity>
<transferable>true</transferable>
<deleteRule>NO ACTION</deleteRule>
</InheritanceRelation>