<?xml version = '1.0' encoding = 'UTF-8'?>
<InheritanceRelation class="oracle.dbtools.crest.model.design.logical.InheritanceRelation" name="Hierarchy_17" directorySegmentName="seg_0" id="B3CC044C-2AFA-EA34-3E02-C7BA86A34CCC">
<createdBy>abdul</createdBy>
<createdTime>2025-08-31 08:39:00 UTC</createdTime>
<ownerDesignName>Vivir_Mejor_Residencia</ownerDesignName>
<engineerTo>
<item key="925B1772-7B55-CB09-6532-FBE87F1E4833" value="true"/>
</engineerTo>
<arc>2F52C326-CDE2-00A9-4AB0-84CCFC6C5C10</arc>
<identifying>false</identifying>
<nameOnSource>Super Type</nameOnSource>
<nameOnTarget>Sub Type</nameOnTarget>
<optionalSource>true</optionalSource>
<optionalTarget>true</optionalTarget>
<sourceEntity>2C117852-0A2A-6882-B4E5-544AC0E6106F</sourceEntity>
<targetEntity>4A4CBC20-A84B-5313-BB96-EDFB14D0131F</targetEntity>
<transferable>true</transferable>
<deleteRule>NO ACTION</deleteRule>
</InheritanceRelation>