<?xml version = '1.0' encoding = 'UTF-8'?>
<InheritanceRelation class="oracle.dbtools.crest.model.design.logical.InheritanceRelation" name="Hierarchy_15" directorySegmentName="seg_0" id="C0E10F8A-8D50-315B-ACC0-00BCBC6F2E14">
<createdBy>abdul</createdBy>
<createdTime>2025-08-31 08:37:54 UTC</createdTime>
<ownerDesignName>Vivir_Mejor_Residencia</ownerDesignName>
<engineerTo>
<item key="925B1772-7B55-CB09-6532-FBE87F1E4833" value="true"/>
</engineerTo>
<arc>70559EBB-E560-761A-DD1C-4A034FE16D1D</arc>
<identifying>false</identifying>
<nameOnSource>Super Type</nameOnSource>
<nameOnTarget>Sub Type</nameOnTarget>
<optionalSource>true</optionalSource>
<optionalTarget>true</optionalTarget>
<sourceEntity>35411ADF-3382-C2F7-9F9B-43E23818D418</sourceEntity>
<targetEntity>83070E37-86FD-E65F-B196-38ED641A9B9F</targetEntity>
<transferable>true</transferable>
<deleteRule>NO ACTION</deleteRule>
</InheritanceRelation>