<?xml version = '1.0' encoding = 'UTF-8'?>
<InheritanceRelation class="oracle.dbtools.crest.model.design.logical.InheritanceRelation" name="Hierarchy_14" directorySegmentName="seg_0" id="D2C5A5F0-DF79-4E48-1E02-554278BA6586">
<createdBy>abdul</createdBy>
<createdTime>2025-08-31 08:37:49 UTC</createdTime>
<ownerDesignName>Vivir_Mejor_Residencia</ownerDesignName>
<engineerTo>
<item key="925B1772-7B55-CB09-6532-FBE87F1E4833" value="true"/>
</engineerTo>
<arc>70559EBB-E560-761A-DD1C-4A034FE16D1D</arc>
<identifying>false</identifying>
<nameOnSource>Super Type</nameOnSource>
<nameOnTarget>Sub Type</nameOnTarget>
<optionalSource>true</optionalSource>
<optionalTarget>true</optionalTarget>
<sourceEntity>35411ADF-3382-C2F7-9F9B-43E23818D418</sourceEntity>
<targetEntity>69106403-02AD-2F81-3142-7D3EA3037607</targetEntity>
<transferable>true</transferable>
<deleteRule>NO ACTION</deleteRule>
</InheritanceRelation>