<?xml version = '1.0' encoding = 'UTF-8'?>
<Relation class="oracle.dbtools.crest.model.design.logical.Relation" name="Relation_9" directorySegmentName="seg_0" id="1FBE03D5-F5D7-EB37-6621-E4CED293DE99">
<createdBy>abdul</createdBy>
<createdTime>2025-09-14 20:56:21 UTC</createdTime>
<ownerDesignName>MODELO LOGICO SEMANA 5</ownerDesignName>
<engineerTo>
<item key="5E73717E-40AD-34B8-D4C7-63FCA818A818" value="true"/>
</engineerTo>
<sourcePk>2C18997E-0679-BD06-3E59-9C43D49BB8E5</sourcePk>
<identifying>false</identifying>
<optionalSource>true</optionalSource>
<optionalTarget>false</optionalTarget>
<sourceCardinality>1</sourceCardinality>
<sourceEntity>180C79F5-CD37-EDAA-3516-0B7EE34C1B4F</sourceEntity>
<targetCardinalityString>*</targetCardinalityString>
<targetEntity>AA6703F4-F131-2798-2155-BAD20D9ABCF6</targetEntity>
<transferable>true</transferable>
<deleteRule>NO ACTION</deleteRule>
</Relation>