<?xml version = '1.0' encoding = 'UTF-8'?>
<Relation class="oracle.dbtools.crest.model.design.logical.Relation" name="Relation_5" directorySegmentName="seg_0" id="37FBF011-7DE0-DD60-7ACA-98D209D6E0D2">
<createdBy>abdul</createdBy>
<createdTime>2025-09-14 20:38:19 UTC</createdTime>
<ownerDesignName>MODELO LOGICO SEMANA 5</ownerDesignName>
<engineerTo>
<item key="5E73717E-40AD-34B8-D4C7-63FCA818A818" value="true"/>
</engineerTo>
<sourcePk>2BED6B0B-5026-FB92-B03D-A0F59916E6A2</sourcePk>
<identifying>false</identifying>
<optionalSource>true</optionalSource>
<optionalTarget>false</optionalTarget>
<sourceCardinality>1</sourceCardinality>
<sourceEntity>1034F8E4-B980-A398-962B-F8F70369D50A</sourceEntity>
<targetCardinalityString>*</targetCardinalityString>
<targetEntity>FDA8CC85-B08A-3139-5E41-4B8887F9889C</targetEntity>
<transferable>true</transferable>
<deleteRule>NO ACTION</deleteRule>
</Relation>