<?xml version = '1.0' encoding = 'UTF-8'?>
<Relation class="oracle.dbtools.crest.model.design.logical.Relation" name="Relation_8" directorySegmentName="seg_0" id="54B7EE76-91AE-4D29-13E1-D80A55387A3F">
<createdBy>abdul</createdBy>
<createdTime>2025-09-14 20:56:18 UTC</createdTime>
<ownerDesignName>MODELO LOGICO SEMANA 5</ownerDesignName>
<engineerTo>
<item key="5E73717E-40AD-34B8-D4C7-63FCA818A818" value="true"/>
</engineerTo>
<sourcePk>22B18F3A-9869-5173-F0C9-7BFCC54721C5</sourcePk>
<identifying>false</identifying>
<optionalSource>true</optionalSource>
<optionalTarget>false</optionalTarget>
<sourceCardinality>1</sourceCardinality>
<sourceEntity>067C2518-D056-942E-6171-A1857B7E5E15</sourceEntity>
<targetCardinalityString>*</targetCardinalityString>
<targetEntity>AA6703F4-F131-2798-2155-BAD20D9ABCF6</targetEntity>
<transferable>true</transferable>
<deleteRule>NO ACTION</deleteRule>
</Relation>