<?xml version = '1.0' encoding = 'UTF-8'?>
<Relation class="oracle.dbtools.crest.model.design.logical.Relation" name="Relation_10" directorySegmentName="seg_0" id="5A9743B0-068E-E2B6-DFFF-55E42DEEC6EA">
<createdBy>abdul</createdBy>
<createdTime>2025-09-14 21:19:15 UTC</createdTime>
<ownerDesignName>MODELO LOGICO SEMANA 5</ownerDesignName>
<engineerTo>
<item key="5E73717E-40AD-34B8-D4C7-63FCA818A818" value="true"/>
</engineerTo>
<sourcePk>FB9902EF-03E0-4180-C3ED-0BC320A96820</sourcePk>
<identifying>false</identifying>
<optionalSource>true</optionalSource>
<optionalTarget>false</optionalTarget>
<sourceCardinality>1</sourceCardinality>
<sourceEntity>7027BD6E-CBB5-D82F-8C69-A16AE1DB3428</sourceEntity>
<targetCardinalityString>*</targetCardinalityString>
<targetEntity>81EC5897-D27E-29D6-C1FB-B5988A60C94F</targetEntity>
<transferable>true</transferable>
<deleteRule>NO ACTION</deleteRule>
</Relation>