<?xml version = '1.0' encoding = 'UTF-8'?>
<Relation class="oracle.dbtools.crest.model.design.logical.Relation" name="Relation_15" directorySegmentName="seg_0" id="5DD74A94-7BE0-ABEB-4564-8528B48C5F91">
<createdBy>abdul</createdBy>
<createdTime>2025-09-14 21:24:34 UTC</createdTime>
<ownerDesignName>MODELO LOGICO SEMANA 5</ownerDesignName>
<engineerTo>
<item key="5E73717E-40AD-34B8-D4C7-63FCA818A818" value="true"/>
</engineerTo>
<sourcePk>134C2DE9-266C-90A0-86F2-4EDD7B60C5F3</sourcePk>
<identifying>true</identifying>
<optionalSource>true</optionalSource>
<optionalTarget>false</optionalTarget>
<sourceCardinality>1</sourceCardinality>
<sourceEntity>81EC5897-D27E-29D6-C1FB-B5988A60C94F</sourceEntity>
<targetCardinalityString>*</targetCardinalityString>
<targetEntity>8235CACA-6195-F692-76EA-2B839876BFBA</targetEntity>
<transferable>true</transferable>
<deleteRule>NO ACTION</deleteRule>
</Relation>