<?xml version = '1.0' encoding = 'UTF-8'?>
<Relation class="oracle.dbtools.crest.model.design.logical.Relation" name="Relation_12" directorySegmentName="seg_0" id="608DDBB6-F246-1E94-58A5-784B4DD75CFB">
<createdBy>abdul</createdBy>
<createdTime>2025-09-14 21:21:00 UTC</createdTime>
<ownerDesignName>MODELO LOGICO SEMANA 5</ownerDesignName>
<engineerTo>
<item key="5E73717E-40AD-34B8-D4C7-63FCA818A818" value="true"/>
</engineerTo>
<sourcePk>93B183C3-BF81-B044-C0EE-48C2467B73B6</sourcePk>
<identifying>true</identifying>
<optionalSource>true</optionalSource>
<optionalTarget>false</optionalTarget>
<sourceCardinality>1</sourceCardinality>
<sourceEntity>AA6703F4-F131-2798-2155-BAD20D9ABCF6</sourceEntity>
<targetCardinalityString>*</targetCardinalityString>
<targetEntity>81EC5897-D27E-29D6-C1FB-B5988A60C94F</targetEntity>
<transferable>true</transferable>
<deleteRule>NO ACTION</deleteRule>
</Relation>