<?xml version = '1.0' encoding = 'UTF-8'?>
<Relation class="oracle.dbtools.crest.model.design.logical.Relation" name="Relation_16" directorySegmentName="seg_0" id="81F9D390-D45B-B3A3-4D58-800930840240">
<createdBy>abdul</createdBy>
<createdTime>2025-09-14 21:24:37 UTC</createdTime>
<ownerDesignName>MODELO LOGICO SEMANA 5</ownerDesignName>
<engineerTo>
<item key="5E73717E-40AD-34B8-D4C7-63FCA818A818" value="true"/>
</engineerTo>
<sourcePk>D84161FB-E0C3-B989-49F7-635C9AE21A00</sourcePk>
<identifying>true</identifying>
<optionalSource>true</optionalSource>
<optionalTarget>false</optionalTarget>
<sourceCardinality>1</sourceCardinality>
<sourceEntity>51B64002-EFCA-F2AA-6496-9B22D3C6C46E</sourceEntity>
<targetCardinalityString>*</targetCardinalityString>
<targetEntity>8235CACA-6195-F692-76EA-2B839876BFBA</targetEntity>
<transferable>true</transferable>
<deleteRule>NO ACTION</deleteRule>
</Relation>