<?xml version = '1.0' encoding = 'UTF-8'?>
<Relation class="oracle.dbtools.crest.model.design.logical.Relation" name="Relation_4" directorySegmentName="seg_0" id="8D4A249A-87D7-2C85-5910-0BDFE948BFBD">
<createdBy>abdul</createdBy>
<createdTime>2025-09-14 20:38:04 UTC</createdTime>
<ownerDesignName>MODELO LOGICO SEMANA 5</ownerDesignName>
<engineerTo>
<item key="5E73717E-40AD-34B8-D4C7-63FCA818A818" value="true"/>
</engineerTo>
<sourcePk>1C011610-534A-F17A-B34B-3F290E6F9404</sourcePk>
<identifying>false</identifying>
<optionalSource>true</optionalSource>
<optionalTarget>false</optionalTarget>
<sourceCardinality>1</sourceCardinality>
<sourceEntity>B7900F61-6383-6177-138A-172054A36975</sourceEntity>
<targetCardinalityString>*</targetCardinalityString>
<targetEntity>FDA8CC85-B08A-3139-5E41-4B8887F9889C</targetEntity>
<transferable>true</transferable>
<deleteRule>NO ACTION</deleteRule>
</Relation>