<?xml version = '1.0' encoding = 'UTF-8'?>
<Relation class="oracle.dbtools.crest.model.design.logical.Relation" name="Relation_6" directorySegmentName="seg_0" id="B2002AEF-07C3-0DAD-B579-A6651A69787C">
<createdBy>abdul</createdBy>
<createdTime>2025-09-14 20:46:21 UTC</createdTime>
<ownerDesignName>MODELO LOGICO SEMANA 5</ownerDesignName>
<engineerTo>
<item key="5E73717E-40AD-34B8-D4C7-63FCA818A818" value="true"/>
</engineerTo>
<sourcePk>1938163E-E46A-E758-109D-B9DCD9A6A83D</sourcePk>
<identifying>true</identifying>
<optionalSource>true</optionalSource>
<optionalTarget>false</optionalTarget>
<sourceCardinality>1</sourceCardinality>
<sourceEntity>69356286-32E9-623F-A32B-1DEE24CF7D11</sourceEntity>
<targetCardinalityString>*</targetCardinalityString>
<targetEntity>1CDD918E-B31A-5DBB-ADC0-738642AE14B6</targetEntity>
<transferable>true</transferable>
<deleteRule>NO ACTION</deleteRule>
</Relation>