<?xml version = '1.0' encoding = 'UTF-8'?>
<Relation class="oracle.dbtools.crest.model.design.logical.Relation" name="Relation_1" directorySegmentName="seg_0" id="BC243BF6-9A94-551B-5AC6-FC5D584A9FAD">
<createdBy>abdul</createdBy>
<createdTime>2025-09-14 20:30:02 UTC</createdTime>
<ownerDesignName>MODELO LOGICO SEMANA 5</ownerDesignName>
<engineerTo>
<item key="5E73717E-40AD-34B8-D4C7-63FCA818A818" value="true"/>
</engineerTo>
<sourcePk>EA63E0A5-CC7A-8DBD-E295-4A4626614FC5</sourcePk>
<identifying>false</identifying>
<optionalSource>true</optionalSource>
<optionalTarget>false</optionalTarget>
<sourceCardinality>1</sourceCardinality>
<sourceEntity>1CDD918E-B31A-5DBB-ADC0-738642AE14B6</sourceEntity>
<targetCardinalityString>*</targetCardinalityString>
<targetEntity>FDA8CC85-B08A-3139-5E41-4B8887F9889C</targetEntity>
<transferable>true</transferable>
<deleteRule>NO ACTION</deleteRule>
</Relation>