<?xml version = '1.0' encoding = 'UTF-8'?>
<Relation class="oracle.dbtools.crest.model.design.logical.Relation" name="Relation_7" directorySegmentName="seg_0" id="EBBA4221-DEAC-FB03-C9EF-53D8301DD706">
<createdBy>abdul</createdBy>
<createdTime>2025-09-14 20:56:15 UTC</createdTime>
<ownerDesignName>MODELO LOGICO SEMANA 5</ownerDesignName>
<engineerTo>
<item key="5E73717E-40AD-34B8-D4C7-63FCA818A818" value="true"/>
</engineerTo>
<sourcePk>E8794F1C-79A5-45FA-36AF-9F0BD7754203</sourcePk>
<identifying>false</identifying>
<optionalSource>true</optionalSource>
<optionalTarget>false</optionalTarget>
<sourceCardinality>1</sourceCardinality>
<sourceEntity>35388DC6-1AA2-DEF5-B3DD-83C17E2DA356</sourceEntity>
<targetCardinalityString>*</targetCardinalityString>
<targetEntity>AA6703F4-F131-2798-2155-BAD20D9ABCF6</targetEntity>
<transferable>true</transferable>
<deleteRule>NO ACTION</deleteRule>
</Relation>