<?xml version = '1.0' encoding = 'UTF-8'?>
<Relation class="oracle.dbtools.crest.model.design.logical.Relation" name="Relation_18" directorySegmentName="seg_0" id="EBBD294D-3EC9-6C63-FD26-9DA93FE21E5E">
<createdBy>abdul</createdBy>
<createdTime>2025-09-14 21:40:51 UTC</createdTime>
<ownerDesignName>MODELO LOGICO SEMANA 5</ownerDesignName>
<engineerTo>
<item key="5E73717E-40AD-34B8-D4C7-63FCA818A818" value="true"/>
</engineerTo>
<sourcePk>C6318319-D4F0-B70B-061E-CCEBA52F5D85</sourcePk>
<identifying>false</identifying>
<optionalSource>true</optionalSource>
<optionalTarget>false</optionalTarget>
<sourceCardinality>1</sourceCardinality>
<sourceEntity>D95F46F5-17EC-AAD5-B430-CE3B2FE2F101</sourceEntity>
<targetCardinalityString>1</targetCardinalityString>
<targetEntity>81EC5897-D27E-29D6-C1FB-B5988A60C94F</targetEntity>
<transferable>true</transferable>
<deleteRule>NO ACTION</deleteRule>
</Relation>