<?xml version = '1.0' encoding = 'UTF-8'?>
<Relation class="oracle.dbtools.crest.model.design.logical.Relation" name="Relation_17" directorySegmentName="seg_0" id="EEDC6263-D355-3773-8B1F-AC5AA3433F83">
<createdBy>abdul</createdBy>
<createdTime>2025-09-14 21:40:33 UTC</createdTime>
<ownerDesignName>MODELO LOGICO SEMANA 5</ownerDesignName>
<engineerTo>
<item key="5E73717E-40AD-34B8-D4C7-63FCA818A818" value="true"/>
</engineerTo>
<sourcePk>7FE9BE56-F31C-474C-2203-D7D76A19D388</sourcePk>
<identifying>false</identifying>
<optionalSource>true</optionalSource>
<optionalTarget>false</optionalTarget>
<sourceCardinality>1</sourceCardinality>
<sourceEntity>5AE4F54D-5A8A-92C5-5781-56302CA8D864</sourceEntity>
<targetCardinalityString>*</targetCardinalityString>
<targetEntity>D95F46F5-17EC-AAD5-B430-CE3B2FE2F101</targetEntity>
<transferable>true</transferable>
<deleteRule>NO ACTION</deleteRule>
</Relation>