<?xml version = '1.0' encoding = 'UTF-8'?>
<Relation class="oracle.dbtools.crest.model.design.logical.Relation" name="Relation_11" directorySegmentName="seg_0" id="F03546EE-DEB0-4B18-E361-1C1ED6001585">
<createdBy>abdul</createdBy>
<createdTime>2025-09-14 21:20:14 UTC</createdTime>
<ownerDesignName>MODELO LOGICO SEMANA 5</ownerDesignName>
<engineerTo>
<item key="5E73717E-40AD-34B8-D4C7-63FCA818A818" value="true"/>
</engineerTo>
<sourcePk>0EE33A59-21FA-A3C0-AE1C-8D54AD9D2B66</sourcePk>
<identifying>true</identifying>
<optionalSource>true</optionalSource>
<optionalTarget>false</optionalTarget>
<sourceCardinality>1</sourceCardinality>
<sourceEntity>FDA8CC85-B08A-3139-5E41-4B8887F9889C</sourceEntity>
<targetCardinalityString>*</targetCardinalityString>
<targetEntity>81EC5897-D27E-29D6-C1FB-B5988A60C94F</targetEntity>
<transferable>true</transferable>
<deleteRule>NO ACTION</deleteRule>
</Relation>